model,difficulty,question,expected_answer,run_num,response,sql_query,full_code,is_correct,time_seconds,success,error,verified_correct,is_correct_bool,judge_was_right
Llama-3.1-8B,hard,Plot Top 3 clinics by total revenue,Bar chart ,1,exports\charts\temp_chart_6ec052a9-333c-4f89-844f-7225f1fa147f.png,,"import pandas as pd
import matplotlib.pyplot as plt


def plot_top_clinics():
    query = """"""
        SELECT IDOrganisation, Address, State, District, TotalRevenue
        FROM table_bd4f8d5ffa8239c09831e5b997bc2753
        ORDER BY TotalRevenue DESC
        LIMIT 3;
    """"""
    top_clinics = execute_sql_query(query)
    plt.figure(figsize=(10, 6))
    plt.bar(top_clinics['IDOrganisation'], top_clinics['TotalRevenue'])
    plt.xlabel('Clinic ID')
    plt.ylabel('Total Revenue')
    plt.title('Top 3 Clinics by Total Revenue')
    plt.xticks(rotation=90)
    plt.tight_layout()
    plt.savefig('exports\\charts\\temp_chart_6ec052a9-333c-4f89-844f-7225f1fa147f.png')


query = """"""
    SELECT IDOrganisation, Address, State, District, TotalRevenue
    FROM table_bd4f8d5ffa8239c09831e5b997bc2753
    ORDER BY TotalRevenue DESC
    LIMIT 3;
""""""
top_clinics = execute_sql_query(query)
plot_top_clinics()
result = {'type': 'plot', 'value': 'exports\\charts\\temp_chart_6ec052a9-333c-4f89-844f-7225f1fa147f.png'}",TRUE,8.78,TRUE,,TRUE,TRUE,TRUE
Llama-3.1-8B,hard,Plot the relationship between a clinic's total revenue and the number of doctors it employs.,Scatter plot of revenue vs doctor count,1,exports\charts\temp_chart_61f0d3db-b737-4edb-9c33-a21d59b8edc3.png,"SELECT 
    t1.IDOrganisation, 
    SUM(t1.TotalRevenue) as TotalRevenue, 
    COUNT(DISTINCT t2.StaffName) as NumberOfDoctors
FROM 
    table_bd4f8d5ffa8239c09831e5b997bc2753 t1
JOIN 
    table_c83679f393c19ab82f71054c6c3facb6 t2
ON 
    t1.IDOrganisation = t2.IDOrganisation
GROUP BY 
    t1.IDOrganisation
ORDER BY 
    TotalRevenue DESC","import pandas as pd
import matplotlib.pyplot as plt
sql_query = """"""
SELECT 
    t1.IDOrganisation, 
    SUM(t1.TotalRevenue) as TotalRevenue, 
    COUNT(DISTINCT t2.StaffName) as NumberOfDoctors
FROM 
    table_bd4f8d5ffa8239c09831e5b997bc2753 t1
JOIN 
    table_c83679f393c19ab82f71054c6c3facb6 t2
ON 
    t1.IDOrganisation = t2.IDOrganisation
GROUP BY 
    t1.IDOrganisation
ORDER BY 
    TotalRevenue DESC
""""""
df = execute_sql_query(sql_query)
plt.figure(figsize=(10, 6))
plt.scatter(df['TotalRevenue'], df['NumberOfDoctors'])
plt.xlabel('Total Revenue')
plt.ylabel('Number of Doctors')
plt.title('Relationship between Total Revenue and Number of Doctors')
result = {'type': 'plot', 'value': 'exports\\charts\\temp_chart_61f0d3db-b737-4edb-9c33-a21d59b8edc3.png'}",TRUE,7.3,TRUE,,TRUE,TRUE,TRUE
Llama-3.1-8B,hard,Plot Top 3 hourly revenue trends.,Line chart of hourly revenue trends,1,exports\charts\temp_chart_e5e68305-40cc-4e48-9f10-640b63265e4e.png,"SELECT 
        IDOrganisation,
        Hour,
        SUM(TotalRevenue) as TotalRevenue
    FROM 
        table_6c16364831b68d93e7cf9d423cf8f3da
    WHERE 
        IDOrganisation = 'Clinic A'
    GROUP BY 
        IDOrganisation, Hour
    ORDER BY 
        TotalRevenue DESC
    LIMIT 3;","import pandas as pd
import matplotlib.pyplot as plt
from io import BytesIO
sql_query = """"""
    SELECT 
        IDOrganisation,
        Hour,
        SUM(TotalRevenue) as TotalRevenue
    FROM 
        table_6c16364831b68d93e7cf9d423cf8f3da
    WHERE 
        IDOrganisation = 'Clinic A'
    GROUP BY 
        IDOrganisation, Hour
    ORDER BY 
        TotalRevenue DESC
    LIMIT 3;
""""""
result_df = execute_sql_query(sql_query)
plt.figure(figsize=(10, 6))
plt.bar(result_df['Hour'], result_df['TotalRevenue'])
plt.xlabel('Hour')
plt.ylabel('Total Revenue')
plt.title('Top 3 Hourly Revenue Trends')
plt.xticks(rotation=45)
buf = BytesIO()
plt.savefig(buf, format='png')
buf.seek(0)
result = {'type': 'plot', 'value': 'exports\\charts\\temp_chart_e5e68305-40cc-4e48-9f10-640b63265e4e.png'}",FALSE,7.39,TRUE,,FALSE,FALSE,TRUE
Llama-3.1-8B,hard,Create a stacked bar chart of show top 5 patient religion counts by state. Visualize Top 3 religious demographics in regions.,Stacked bar chart of religions by state,1,exports\charts\temp_chart_11278da0-1210-4e17-a041-9ecbc94c72de.png,"SELECT 
        t1.State, 
        t1.District, 
        t2.Religions, 
        COUNT(t2.Religions) as count
    FROM 
        table_bd4f8d5ffa8239c09831e5b997bc2753 t1
    JOIN 
        table_3586b23a0be349f88985d8c0d783b36d t2
    ON 
        t1.IDOrganisation = t2.IDOrganisation
    WHERE 
        t2.DiagnosisDescription IS NOT NULL
    GROUP BY 
        t1.State, t1.District, t2.Religions
    ORDER BY 
        count DESC
    LIMIT 5;","import pandas as pd
import matplotlib.pyplot as plt
sql_query = """"""
    SELECT 
        t1.State, 
        t1.District, 
        t2.Religions, 
        COUNT(t2.Religions) as count
    FROM 
        table_bd4f8d5ffa8239c09831e5b997bc2753 t1
    JOIN 
        table_3586b23a0be349f88985d8c0d783b36d t2
    ON 
        t1.IDOrganisation = t2.IDOrganisation
    WHERE 
        t2.DiagnosisDescription IS NOT NULL
    GROUP BY 
        t1.State, t1.District, t2.Religions
    ORDER BY 
        count DESC
    LIMIT 5;
""""""
result_df = execute_sql_query(sql_query)
result_df.groupby('State')['count'].sum().plot(kind='bar', figsize=(10, 6), title='Top 5 Patient Religion Counts by State')
plt.xlabel('State')
plt.ylabel('Count')
plt.savefig('exports\\charts\\temp_chart_11278da0-1210-4e17-a041-9ecbc94c72de.png')
result = {'type': 'plot', 'value': 'exports\\charts\\temp_chart_11278da0-1210-4e17-a041-9ecbc94c72de.png'}",FALSE,6.74,TRUE,,FALSE,FALSE,TRUE
Llama-3.1-8B,hard,Plot the  the top 5 high revenue doctors working in clinics I,Combined chart of top clinics and doctors,1,"Unfortunately, I was not able to get your answer. Please try again.","SELECT 
        a.IDOrganisation,
        a.StaffName,
        SUM(a.TotalVisitTime(hrs)) AS TotalVisitTime_Clinic,
        SUM(a.TotalPatientCount) AS TotalPatientCount,
        SUM(a.TotalPaidPatientCount) AS TotalPaidPatientCount,
        SUM(a.TotalPanelPatientCount) AS TotalPanelPatientCount,
        SUM(a.TotalRevenue) AS TotalRevenue_Clinic,
        SUM(a.TotalPaid) AS TotalPaid,
        SUM(a.TotalPanel) AS TotalPanel
    FROM 
        table_c83679f393c19ab82f71054c6c3facb6 a
    JOIN 
        table_bd4f8d5ffa8239c09831e5b997bc2753 b
    ON 
        a.IDOrganisation = b.IDOrganisation
    WHERE 
        b.District = 'Clinic I'
    GROUP BY 
        a.IDOrganisation, a.StaffName
    ORDER BY 
        SUM(a.TotalRevenue) DESC
    LIMIT 5;","import pandas as pd
import matplotlib.pyplot as plt
sql_query = """"""
    SELECT 
        a.IDOrganisation,
        a.StaffName,
        SUM(a.TotalVisitTime(hrs)) AS TotalVisitTime_Clinic,
        SUM(a.TotalPatientCount) AS TotalPatientCount,
        SUM(a.TotalPaidPatientCount) AS TotalPaidPatientCount,
        SUM(a.TotalPanelPatientCount) AS TotalPanelPatientCount,
        SUM(a.TotalRevenue) AS TotalRevenue_Clinic,
        SUM(a.TotalPaid) AS TotalPaid,
        SUM(a.TotalPanel) AS TotalPanel
    FROM 
        table_c83679f393c19ab82f71054c6c3facb6 a
    JOIN 
        table_bd4f8d5ffa8239c09831e5b997bc2753 b
    ON 
        a.IDOrganisation = b.IDOrganisation
    WHERE 
        b.District = 'Clinic I'
    GROUP BY 
        a.IDOrganisation, a.StaffName
    ORDER BY 
        SUM(a.TotalRevenue) DESC
    LIMIT 5;
""""""
df = execute_sql_query(sql_query)
top_5_doctors = df.nlargest(5, 'TotalRevenue_Clinic')
top_5_doctors.plot(kind='bar', x='StaffName', y='TotalRevenue_Clinic', title='Top 5 High Revenue Doctors in Clinics I')
plt.savefig('exports\\charts\\temp_chart_fb3d0511-f802-4323-989f-882a876ee985.png')
result = {'type': 'plot', 'value': 'exports\\charts\\temp_chart_fb3d0511-f802-4323-989f-882a876ee985.png'}",TRUE,43.72,TRUE,,FALSE,TRUE,FALSE
Gemma-2-27B,hard,Plot Top 3 clinics by total revenue,Bar chart ,1,exports\charts\temp_chart_aea232f7-f502-4702-b2f9-ea6a1a4cbe45.png,"SELECT IDOrganisation, TotalRevenue
FROM table_bd4f8d5ffa8239c09831e5b997bc2753
ORDER BY TotalRevenue DESC
LIMIT 3;","import pandas as pd
import matplotlib.pyplot as plt
sql_query = """"""
SELECT IDOrganisation, TotalRevenue
FROM table_bd4f8d5ffa8239c09831e5b997bc2753
ORDER BY TotalRevenue DESC
LIMIT 3;
""""""
df = execute_sql_query(sql_query)
plt.figure(figsize=(10, 6))
plt.bar(df['IDOrganisation'], df['TotalRevenue'])
plt.xlabel('Clinic')
plt.ylabel('Total Revenue')
plt.title('Top 3 Clinics by Total Revenue')
plt.xticks(rotation=45, ha='right')
plt.tight_layout()
plt.savefig('exports\\charts\\temp_chart_aea232f7-f502-4702-b2f9-ea6a1a4cbe45.png')
result = {'type': 'plot', 'value': 'exports\\charts\\temp_chart_aea232f7-f502-4702-b2f9-ea6a1a4cbe45.png'}",TRUE,16.97,TRUE,,TRUE,TRUE,TRUE
Gemma-2-27B,hard,Plot the relationship between a clinic's total revenue and the number of doctors it employs.,Scatter plot of revenue vs doctor count,1,exports\charts\temp_chart_d85e64fd-8aa5-498d-9370-5153221a9943.png,"SELECT t1.IDOrganisation, t1.TotalRevenue, COUNT(t2.StaffName) AS DoctorCount
FROM table_bd4f8d5ffa8239c09831e5b997bc2753 AS t1
LEFT JOIN table_c83679f393c19ab82f71054c6c3facb6 AS t2 ON t1.IDOrganisation = t2.IDOrganisation
GROUP BY t1.IDOrganisation, t1.TotalRevenue;","import pandas as pd
import matplotlib.pyplot as plt
sql_query = """"""
SELECT t1.IDOrganisation, t1.TotalRevenue, COUNT(t2.StaffName) AS DoctorCount
FROM table_bd4f8d5ffa8239c09831e5b997bc2753 AS t1
LEFT JOIN table_c83679f393c19ab82f71054c6c3facb6 AS t2 ON t1.IDOrganisation = t2.IDOrganisation
GROUP BY t1.IDOrganisation, t1.TotalRevenue;
""""""
df = execute_sql_query(sql_query)
plt.figure(figsize=(10, 6))
plt.scatter(df['DoctorCount'], df['TotalRevenue'])
plt.xlabel('Number of Doctors')
plt.ylabel('Total Revenue')
plt.title('Relationship between Total Revenue and Number of Doctors')
plt.savefig('exports\\charts\\temp_chart_d85e64fd-8aa5-498d-9370-5153221a9943.png')
result = {'type': 'plot', 'value': 'exports\\charts\\temp_chart_d85e64fd-8aa5-498d-9370-5153221a9943.png'}",TRUE,12.14,TRUE,,TRUE,TRUE,TRUE
Gemma-2-27B,hard,Plot Top 3 hourly revenue trends.,Line chart of hourly revenue trends,1,exports\charts\temp_chart_c005011b-8a36-4be0-9ce5-2feecdc743e4.png,"SELECT Hour, SUM(TotalRevenue) AS TotalRevenue
FROM table_6c16364831b68d93e7cf9d423cf8f3da
GROUP BY Hour
ORDER BY TotalRevenue DESC
LIMIT 3;","import pandas as pd
import matplotlib.pyplot as plt
sql_query = """"""
SELECT Hour, SUM(TotalRevenue) AS TotalRevenue
FROM table_6c16364831b68d93e7cf9d423cf8f3da
GROUP BY Hour
ORDER BY TotalRevenue DESC
LIMIT 3;
""""""
df = execute_sql_query(sql_query)
plt.figure(figsize=(10, 6))
plt.bar(df['Hour'], df['TotalRevenue'])
plt.xlabel('Hour')
plt.ylabel('Total Revenue')
plt.title('Top 3 Hourly Revenue Trends')
plt.xticks(rotation=45)
plt.tight_layout()
plt.savefig('exports\\charts\\temp_chart_c005011b-8a36-4be0-9ce5-2feecdc743e4.png')
result = {'type': 'plot', 'value': 'exports\\charts\\temp_chart_c005011b-8a36-4be0-9ce5-2feecdc743e4.png'}",FALSE,18.81,TRUE,,FALSE,FALSE,TRUE
Gemma-2-27B,hard,Create a stacked bar chart of show top 5 patient religion counts by state. Visualize Top 3 religious demographics in regions.,Stacked bar chart of religions by state,1,exports\charts\temp_chart_dd9f4513-76f8-4435-be7b-ddb96c93c16b.png,"WITH ReligionCounts AS (
    SELECT 
        State, 
        Religions, 
        COUNT(*) AS ReligionCount
    FROM table_3586b23a0be349f88985d8c0d783b36d
    GROUP BY State, Religions
),
RankedReligions AS (
    SELECT
        State,
        Religions,
        ReligionCount,
        RANK() OVER (PARTITION BY State ORDER BY ReligionCount DESC) as ReligionRank
    FROM ReligionCounts
)
SELECT 
    State,
    Religions,
    ReligionCount
FROM RankedReligions
WHERE ReligionRank <= 3
ORDER BY State, ReligionRank;","import pandas as pd
import matplotlib.pyplot as plt
import seaborn as sns
sql_query = """"""
WITH ReligionCounts AS (
    SELECT 
        State, 
        Religions, 
        COUNT(*) AS ReligionCount
    FROM table_3586b23a0be349f88985d8c0d783b36d
    GROUP BY State, Religions
),
RankedReligions AS (
    SELECT
        State,
        Religions,
        ReligionCount,
        RANK() OVER (PARTITION BY State ORDER BY ReligionCount DESC) as ReligionRank
    FROM ReligionCounts
)
SELECT 
    State,
    Religions,
    ReligionCount
FROM RankedReligions
WHERE ReligionRank <= 3
ORDER BY State, ReligionRank;

""""""
df = execute_sql_query(sql_query)
df = df.pivot(index='State', columns='Religions', values='ReligionCount')
df.plot(kind='bar', stacked=True, figsize=(10, 6))
plt.title('Top 3 Religious Demographics by State')
plt.xlabel('State')
plt.ylabel('Patient Count')
plt.savefig('exports\\charts\\temp_chart_dd9f4513-76f8-4435-be7b-ddb96c93c16b.png')
result = {'type': 'plot', 'value': 'exports\\charts\\temp_chart_dd9f4513-76f8-4435-be7b-ddb96c93c16b.png'}",TRUE,19.73,TRUE,,TRUE,TRUE,TRUE
Gemma-2-27B,hard,Plot the  the top 5 high revenue doctors working in clinics I,Combined chart of top clinics and doctors,1,exports\charts\temp_chart_0dfad73f-4e2d-44b0-99da-f4268bd8fd44.png,"SELECT s.StaffName, SUM(t.TotalRevenue) AS TotalRevenue
 FROM table_c83679f393c19ab82f71054c6c3facb6 s
JOIN table_bd4f8d5ffa8239c09831e5b997bc2753 t
ON s.IDOrganisation = t.IDOrganisation
WHERE t.IDOrganisation = 'Clinic I'
GROUP BY s.StaffName
ORDER BY TotalRevenue DESC
LIMIT 5;","import pandas as pd
import matplotlib.pyplot as plt
sql_query = """"""
SELECT s.StaffName, SUM(t.TotalRevenue) AS TotalRevenue
 FROM table_c83679f393c19ab82f71054c6c3facb6 s
JOIN table_bd4f8d5ffa8239c09831e5b997bc2753 t
ON s.IDOrganisation = t.IDOrganisation
WHERE t.IDOrganisation = 'Clinic I'
GROUP BY s.StaffName
ORDER BY TotalRevenue DESC
LIMIT 5;
""""""
df = execute_sql_query(sql_query)
plt.figure(figsize=(10, 6))
plt.bar(df['StaffName'], df['TotalRevenue'])
plt.xlabel('Doctor Name')
plt.ylabel('Total Revenue')
plt.title('Top 5 High Revenue Doctors in Clinic I')
plt.xticks(rotation=45, ha='right')
plt.tight_layout()
plt.savefig('exports\\charts\\temp_chart_0dfad73f-4e2d-44b0-99da-f4268bd8fd44.png')
result = {'type': 'plot', 'value': 'exports\\charts\\temp_chart_0dfad73f-4e2d-44b0-99da-f4268bd8fd44.png'}",TRUE,17.46,TRUE,,FALSE,TRUE,FALSE
Llama3-70B,hard,Plot Top 3 clinics by total revenue,Bar chart ,1,exports\charts\temp_chart_284cfde6-9f67-4255-bb5a-f3812386dad3.png,"SELECT IDOrganisation, TotalRevenue FROM table_bd4f8d5ffa8239c09831e5b997bc2753 ORDER BY TotalRevenue DESC LIMIT 3","import pandas as pd
import matplotlib.pyplot as plt
sql_query = 'SELECT IDOrganisation, TotalRevenue FROM table_bd4f8d5ffa8239c09831e5b997bc2753 ORDER BY TotalRevenue DESC LIMIT 3'
df = execute_sql_query(sql_query)
plt.barh(df['IDOrganisation'], df['TotalRevenue'])
plt.xlabel('Total Revenue')
plt.ylabel('Clinic')
plt.title('Top 3 Clinics by Total Revenue')
plt.savefig('exports\\charts\\temp_chart_284cfde6-9f67-4255-bb5a-f3812386dad3.png')
result = {'type': 'plot', 'value': 'exports\\charts\\temp_chart_284cfde6-9f67-4255-bb5a-f3812386dad3.png'}",FALSE,7.56,TRUE,,TRUE,FALSE,FALSE
Llama3-70B,hard,Plot the relationship between a clinic's total revenue and the number of doctors it employs.,Scatter plot of revenue vs doctor count,1,exports\charts\temp_chart_70fc4bff-b29b-40fb-9133-e2fba0426521.png,,"import pandas as pd
import matplotlib.pyplot as plt
table_bd4f8d5ffa8239c09831e5b997bc2753 = execute_sql_query('SELECT * FROM table_bd4f8d5ffa8239c09831e5b997bc2753')
table_c83679f393c19ab82f71054c6c3facb6 = execute_sql_query('SELECT * FROM table_c83679f393c19ab82f71054c6c3facb6')
joined_table = execute_sql_query(""""""
    SELECT t1.IDOrganisation, t1.TotalRevenue, COUNT(t2.StaffName) AS NumDoctors
    FROM table_bd4f8d5ffa8239c09831e5b997bc2753 t1
    JOIN table_c83679f393c19ab82f71054c6c3facb6 t2 ON t1.IDOrganisation = t2.IDOrganisation
    GROUP BY t1.IDOrganisation, t1.TotalRevenue
    ORDER BY t1.TotalRevenue DESC
"""""")
plt.scatter(joined_table['NumDoctors'], joined_table['TotalRevenue'])
plt.xlabel('Number of Doctors')
plt.ylabel('Total Revenue')
plt.title('Relationship between Total Revenue and Number of Doctors')
plt.savefig('exports\\charts\\temp_chart_70fc4bff-b29b-40fb-9133-e2fba0426521.png')
result = {'type': 'plot', 'value': 'exports\\charts\\temp_chart_70fc4bff-b29b-40fb-9133-e2fba0426521.png'}",TRUE,14.82,TRUE,,TRUE,TRUE,TRUE
Llama3-70B,hard,Plot Top 3 hourly revenue trends.,Line chart of hourly revenue trends,1,exports\charts\temp_chart_db89fcdc-c9d3-4952-985b-4f57074774b4.png,"SELECT Hour, SUM(TotalRevenue) AS HourlyRevenue
    FROM table_6c16364831b68d93e7cf9d423cf8f3da
    GROUP BY Hour
    ORDER BY HourlyRevenue DESC
    LIMIT 3;","import pandas as pd
import matplotlib.pyplot as plt
sql_query = """"""
    SELECT Hour, SUM(TotalRevenue) AS HourlyRevenue
    FROM table_6c16364831b68d93e7cf9d423cf8f3da
    GROUP BY Hour
    ORDER BY HourlyRevenue DESC
    LIMIT 3;
""""""
df = execute_sql_query(sql_query)
plt.bar(df['Hour'], df['HourlyRevenue'])
plt.xlabel('Hour')
plt.ylabel('Hourly Revenue')
plt.title('Top 3 Hourly Revenue Trends')
plt.savefig('exports\\charts\\temp_chart_db89fcdc-c9d3-4952-985b-4f57074774b4.png')
result = {'type': 'plot', 'value': 'exports\\charts\\temp_chart_db89fcdc-c9d3-4952-985b-4f57074774b4.png'}",FALSE,9.11,TRUE,,FALSE,FALSE,TRUE
Llama3-70B,hard,Create a stacked bar chart of show top 5 patient religion counts by state. Visualize Top 3 religious demographics in regions.,Stacked bar chart of religions by state,1,exports\charts\temp_chart_96f62ee6-0497-4be6-aa8e-b236f447d4e8.png,,"import pandas as pd
import matplotlib.pyplot as plt
table2 = execute_sql_query('SELECT * FROM table_3586b23a0be349f88985d8c0d783b36d')
query = """"""
    SELECT State, Religions, COUNT(*) as Count
    FROM table_3586b23a0be349f88985d8c0d783b36d
    GROUP BY State, Religions
    ORDER BY Count DESC
    LIMIT 5
""""""
data = execute_sql_query(query)
pivoted_data = data.pivot(index='State', columns='Religions', values='Count')
plt.figure(figsize=(10, 6))
pivoted_data.plot(kind='bar', stacked=True)
plt.title('Top 5 Patient Religion Counts by State')
plt.xlabel('State')
plt.ylabel('Count')
plt.legend(title='Religions')
plt.tight_layout()
plt.savefig('exports\\charts\\temp_chart_96f62ee6-0497-4be6-aa8e-b236f447d4e8.png')
result = {'type': 'plot', 'value': 'exports\\charts\\temp_chart_96f62ee6-0497-4be6-aa8e-b236f447d4e8.png'}",FALSE,11.6,TRUE,,TRUE,FALSE,FALSE
Llama3-70B,hard,Plot the  the top 5 high revenue doctors working in clinics I,Combined chart of top clinics and doctors,1,exports\charts\temp_chart_389ef90f-6571-4cae-8137-2b61b6795067.png,"SELECT StaffName, SUM(TotalRevenue) as TotalRevenue
    FROM table_c83679f393c19ab82f71054c6c3facb6
    WHERE IDOrganisation IN (SELECT IDOrganisation FROM table_bd4f8d5ffa8239c09831e5b997bc2753 WHERE Address LIKE '%Clinic I%')
    GROUP BY StaffName
    ORDER BY TotalRevenue DESC
    LIMIT 5;","import pandas as pd
import matplotlib.pyplot as plt
sql_query = """"""
    SELECT StaffName, SUM(TotalRevenue) as TotalRevenue
    FROM table_c83679f393c19ab82f71054c6c3facb6
    WHERE IDOrganisation IN (SELECT IDOrganisation FROM table_bd4f8d5ffa8239c09831e5b997bc2753 WHERE Address LIKE '%Clinic I%')
    GROUP BY StaffName
    ORDER BY TotalRevenue DESC
    LIMIT 5;
""""""
df = execute_sql_query(sql_query)
plt.figure(figsize=(10, 6))
plt.barh(df['StaffName'], df['TotalRevenue'])
plt.xlabel('Total Revenue')
plt.ylabel('Doctor Name')
plt.title('Top 5 High Revenue Doctors in Clinic I')
plt.savefig('exports\\charts\\temp_chart_389ef90f-6571-4cae-8137-2b61b6795067.png')
result = {'type': 'plot', 'value': 'exports\\charts\\temp_chart_389ef90f-6571-4cae-8137-2b61b6795067.png'}",TRUE,12.56,TRUE,,FALSE,TRUE,FALSE
Llama-3.1-405B,hard,Plot Top 3 clinics by total revenue,Bar chart ,1,exports\charts\temp_chart_59bda560-d610-4985-b9fc-bdeda800474f.png,"SELECT IDOrganisation, TotalRevenue
    FROM table_bd4f8d5ffa8239c09831e5b997bc2753
    ORDER BY TotalRevenue DESC
    LIMIT 3","import pandas as pd
import matplotlib.pyplot as plt
sql_query = """"""
    SELECT IDOrganisation, TotalRevenue
    FROM table_bd4f8d5ffa8239c09831e5b997bc2753
    ORDER BY TotalRevenue DESC
    LIMIT 3
""""""
df = execute_sql_query(sql_query)
plt.figure(figsize=(10, 6))
plt.bar(df['IDOrganisation'], df['TotalRevenue'], color='skyblue')
plt.xlabel('IDOrganisation')
plt.ylabel('TotalRevenue')
plt.title('Top 3 Clinics by Total Revenue')
plt.xticks(rotation=90)
plt.tight_layout()
plt.savefig('exports\\charts\\temp_chart_59bda560-d610-4985-b9fc-bdeda800474f.png')
result = {'type': 'plot', 'value': 'exports\\charts\\temp_chart_59bda560-d610-4985-b9fc-bdeda800474f.png'}",TRUE,6.4,TRUE,,TRUE,TRUE,TRUE
Llama-3.1-405B,hard,Plot the relationship between a clinic's total revenue and the number of doctors it employs.,Scatter plot of revenue vs doctor count,1,exports\charts\temp_chart_377134cd-09fa-438b-854c-eeefc4b66ef7.png,"SELECT 
        T1.IDOrganisation, 
        COUNT(DISTINCT T2.StaffName) AS TotalDoctors, 
        T1.TotalRevenue
    FROM 
        table_bd4f8d5ffa8239c09831e5b997bc2753 T1
    JOIN 
        table_c83679f393c19ab82f71054c6c3facb6 T2
    ON 
        T1.IDOrganisation = T2.IDOrganisation
    GROUP BY 
        T1.IDOrganisation, T1.TotalRevenue","import pandas as pd
import matplotlib.pyplot as plt
sql_query = """"""
    SELECT 
        T1.IDOrganisation, 
        COUNT(DISTINCT T2.StaffName) AS TotalDoctors, 
        T1.TotalRevenue
    FROM 
        table_bd4f8d5ffa8239c09831e5b997bc2753 T1
    JOIN 
        table_c83679f393c19ab82f71054c6c3facb6 T2
    ON 
        T1.IDOrganisation = T2.IDOrganisation
    GROUP BY 
        T1.IDOrganisation, T1.TotalRevenue
""""""
data = execute_sql_query(sql_query)
plt.figure(figsize=(10, 6))
plt.scatter(data['TotalDoctors'], data['TotalRevenue'])
plt.xlabel('Total Doctors')
plt.ylabel('Total Revenue')
plt.title('Relationship between Total Revenue and Total Doctors')
plt.savefig('exports\\charts\\temp_chart_377134cd-09fa-438b-854c-eeefc4b66ef7.png')
result = {'type': 'plot', 'value': 'exports\\charts\\temp_chart_377134cd-09fa-438b-854c-eeefc4b66ef7.png'}",TRUE,9.88,TRUE,,TRUE,TRUE,TRUE
Llama-3.1-405B,hard,Plot Top 3 hourly revenue trends.,Line chart of hourly revenue trends,1,exports\charts\temp_chart_030ef7b8-ccf1-4e2a-80c8-9295b1af3ad9.png,"SELECT Hour, SUM(TotalRevenue) as TotalRevenue
    FROM table_6c16364831b68d93e7cf9d423cf8f3da
    GROUP BY Hour
    ORDER BY TotalRevenue DESC
    LIMIT 3","import pandas as pd
import matplotlib.pyplot as plt
sql_query = """"""
    SELECT Hour, SUM(TotalRevenue) as TotalRevenue
    FROM table_6c16364831b68d93e7cf9d423cf8f3da
    GROUP BY Hour
    ORDER BY TotalRevenue DESC
    LIMIT 3
""""""
df = execute_sql_query(sql_query)
plt.figure(figsize=(10, 6))
plt.bar(df['Hour'], df['TotalRevenue'])
plt.xlabel('Hour')
plt.ylabel('Total Revenue')
plt.title('Top 3 Hourly Revenue Trends')
plt.xticks(rotation=45)
plt.tight_layout()
plt.savefig('exports\\charts\\temp_chart_030ef7b8-ccf1-4e2a-80c8-9295b1af3ad9.png')
result = {'type': 'plot', 'value': 'exports\\charts\\temp_chart_030ef7b8-ccf1-4e2a-80c8-9295b1af3ad9.png'}",TRUE,6.98,TRUE,,TRUE,TRUE,TRUE
Llama-3.1-405B,hard,Create a stacked bar chart of show top 5 patient religion counts by state. Visualize Top 3 religious demographics in regions.,Stacked bar chart of religions by state,1,exports\charts\temp_chart_68875ab9-ef00-43ae-b14c-5d0416c2a1cc.png,"SELECT State, Religions, COUNT(*) as count
    FROM table_3586b23a0be349f88985d8c0d783b36d
    GROUP BY State, Religions
    ORDER BY count DESC","import pandas as pd
import matplotlib.pyplot as plt
sql_query = """"""
    SELECT State, Religions, COUNT(*) as count
    FROM table_3586b23a0be349f88985d8c0d783b36d
    GROUP BY State, Religions
    ORDER BY count DESC
""""""
df = execute_sql_query(sql_query)
top_5_df = df.groupby('State').head(5)
pivot_df = top_5_df.pivot(index='State', columns='Religions', values='count')
pivot_df = pivot_df.fillna(0)
plt.figure(figsize=(10, 6))
pivot_df.plot(kind='bar', stacked=True)
plt.title('Top 5 Patient Religion Counts by State')
plt.xlabel('State')
plt.ylabel('Count')
plt.legend(title='Religions')
plt.xticks(rotation=45)
plt.tight_layout()
plt.savefig('exports\\charts\\temp_chart_68875ab9-ef00-43ae-b14c-5d0416c2a1cc.png')
result = {'type': 'plot', 'value': 'exports\\charts\\temp_chart_68875ab9-ef00-43ae-b14c-5d0416c2a1cc.png'}",TRUE,24.7,TRUE,,TRUE,TRUE,TRUE
Llama-3.1-405B,hard,Plot the  the top 5 high revenue doctors working in clinics I,Combined chart of top clinics and doctors,1,exports\charts\temp_chart_54e69a6e-2922-4bae-ae64-3e348e711932.png,"SELECT StaffName, TotalRevenue
    FROM table_c83679f393c19ab82f71054c6c3facb6
    ORDER BY TotalRevenue DESC
    LIMIT 5","import pandas as pd
import matplotlib.pyplot as plt
sql_query = """"""
    SELECT StaffName, TotalRevenue
    FROM table_c83679f393c19ab82f71054c6c3facb6
    ORDER BY TotalRevenue DESC
    LIMIT 5
""""""
df = execute_sql_query(sql_query)
plt.figure(figsize=(10, 6))
plt.bar(df['StaffName'], df['TotalRevenue'], color='blue')
plt.title('Top 5 High Revenue Doctors')
plt.xlabel('Doctor Name')
plt.ylabel('Revenue')
plt.xticks(rotation=90)
plt.tight_layout()
plt.savefig('exports\\charts\\temp_chart_54e69a6e-2922-4bae-ae64-3e348e711932.png')
result = {'type': 'plot', 'value': 'exports\\charts\\temp_chart_54e69a6e-2922-4bae-ae64-3e348e711932.png'}",TRUE,8.22,TRUE,,TRUE,TRUE,TRUE
Mistral-Large-3-675B,hard,Plot Top 3 clinics by total revenue,Bar chart ,1,exports\charts\temp_chart_62a957b0-bfcc-4e94-85cc-d80c5c3487bf.png,"SELECT
    IDOrganisation,
    TotalRevenue
FROM
    table_bd4f8d5ffa8239c09831e5b997bc2753
ORDER BY
    TotalRevenue DESC
LIMIT 3","import pandas as pd
import matplotlib.pyplot as plt
import seaborn as sns
sql_query = """"""
SELECT
    IDOrganisation,
    TotalRevenue
FROM
    table_bd4f8d5ffa8239c09831e5b997bc2753
ORDER BY
    TotalRevenue DESC
LIMIT 3
""""""
df = execute_sql_query(sql_query)
plt.figure(figsize=(10, 6))
ax = sns.barplot(x='IDOrganisation', y='TotalRevenue', data=df, palette='viridis')
plt.title('Top 3 Clinics by Total Revenue', fontsize=16)
plt.xlabel('Clinic', fontsize=12)
plt.ylabel('Total Revenue (MYR)', fontsize=12)
plt.xticks(rotation=45)
for p in ax.patches:
    ax.annotate(f'{p.get_height():,.0f}', (p.get_x() + p.get_width() / 2.0, p.get_height()), ha='center', va='center', xytext=(0, 10), textcoords='offset points')
plt.tight_layout()
plot_filename = 'exports\\charts\\temp_chart_62a957b0-bfcc-4e94-85cc-d80c5c3487bf.png'
plt.savefig(plot_filename)
plt.close()
result = {'type': 'plot', 'value': plot_filename}",TRUE,9.76,TRUE,,TRUE,TRUE,TRUE
Mistral-Large-3-675B,hard,Plot the relationship between a clinic's total revenue and the number of doctors it employs.,Scatter plot of revenue vs doctor count,1,exports\charts\temp_chart_854857bd-81ff-4f41-b386-ed7b7b629401.png,,"import pandas as pd
import matplotlib.pyplot as plt
import os
clinic_revenue_query = """"""
SELECT
    t1.IDOrganisation,
    t1.TotalRevenue,
    COUNT(DISTINCT t2.StaffName) AS DoctorCount
FROM
    table_bd4f8d5ffa8239c09831e5b997bc2753 t1
JOIN
    table_c83679f393c19ab82f71054c6c3facb6 t2
ON
    t1.IDOrganisation = t2.IDOrganisation
GROUP BY
    t1.IDOrganisation, t1.TotalRevenue
ORDER BY
    t1.IDOrganisation
""""""
clinic_revenue_df = execute_sql_query(clinic_revenue_query)
plt.figure(figsize=(10, 6))
plt.scatter(clinic_revenue_df['DoctorCount'], clinic_revenue_df['TotalRevenue'], s=100)
for i, row in clinic_revenue_df.iterrows():
    plt.annotate(row['IDOrganisation'], (row['DoctorCount'], row['TotalRevenue']), textcoords='offset points', xytext=(0, 5), ha='center')
plt.title('Relationship Between Clinic Revenue and Number of Doctors')
plt.xlabel('Number of Doctors')
plt.ylabel('Total Revenue (MYR)')
plt.grid(True)
plot_path = 'exports\\charts\\temp_chart_854857bd-81ff-4f41-b386-ed7b7b629401.png'
plt.savefig(plot_path)
plt.close()
result = {'type': 'plot', 'value': plot_path}",TRUE,10.48,TRUE,,TRUE,TRUE,TRUE
Mistral-Large-3-675B,hard,Plot Top 3 hourly revenue trends.,Line chart of hourly revenue trends,1,exports\charts\temp_chart_6cb75d60-92de-421d-ac45-0cf8cec5cb46.png,"SELECT
    Hour,
    TotalRevenue
FROM
    table_6c16364831b68d93e7cf9d423cf8f3da
WHERE
    IDOrganisation = 'Clinic A'
    AND Hour IS NOT NULL
ORDER BY
    Hour","import pandas as pd
import matplotlib.pyplot as plt
import seaborn as sns
sql_query = """"""
SELECT
    Hour,
    TotalRevenue
FROM
    table_6c16364831b68d93e7cf9d423cf8f3da
WHERE
    IDOrganisation = 'Clinic A'
    AND Hour IS NOT NULL
ORDER BY
    Hour
""""""
df = execute_sql_query(sql_query)
df['Hour'] = pd.to_datetime(df['Hour'])
df['HourOfDay'] = df['Hour'].dt.hour
plt.figure(figsize=(10, 6))
sns.lineplot(data=df, x='HourOfDay', y='TotalRevenue', marker='o')
plt.title('Hourly Revenue Trend for Clinic A')
plt.xlabel('Hour of Day')
plt.ylabel('Total Revenue')
plt.grid(True)
plt.tight_layout()
plot_filename = 'exports\\charts\\temp_chart_6cb75d60-92de-421d-ac45-0cf8cec5cb46.png'
plt.savefig(plot_filename)
plt.close()
result = {'type': 'plot', 'value': plot_filename}",FALSE,71.45,TRUE,,TRUE,FALSE,FALSE
Mistral-Large-3-675B,hard,Create a stacked bar chart of show top 5 patient religion counts by state. Visualize Top 3 religious demographics in regions.,Stacked bar chart of religions by state,1,exports\charts\temp_chart_b0302c30-3e12-43e0-8e0b-34f129a34c59.png,,"import pandas as pd
import matplotlib.pyplot as plt
import seaborn as sns
religion_query = """"""
SELECT
    State,
    Religions,
    COUNT(*) as ReligionCount
FROM
    table_3586b23a0be349f88985d8c0d783b36d
GROUP BY
    State, Religions
ORDER BY
    State, ReligionCount DESC
""""""
religion_df = execute_sql_query(religion_query)
top_religions = religion_df.groupby('State').apply(lambda x: x.nlargest(3, 'ReligionCount')).reset_index(drop=True)
top_states = religion_df.groupby('State')['ReligionCount'].sum().nlargest(5).index.tolist()
filtered_df = top_religions[top_religions['State'].isin(top_states)]
pivot_df = filtered_df.pivot(index='State', columns='Religions', values='ReligionCount').fillna(0)
plt.figure(figsize=(12, 8))
pivot_df.plot(kind='bar', stacked=True, colormap='tab20', figsize=(12, 8))
plt.title('Top 3 Religious Demographics by State (Top 5 States)', fontsize=14)
plt.xlabel('State', fontsize=12)
plt.ylabel('Number of Patients', fontsize=12)
plt.legend(title='Religions', bbox_to_anchor=(1.05, 1), loc='upper left')
plt.tight_layout()
plt.xticks(rotation=45)
plot_filename = 'exports\\charts\\temp_chart_b0302c30-3e12-43e0-8e0b-34f129a34c59.png'
plt.savefig(plot_filename, dpi=300, bbox_inches='tight')
plt.close()
result = {'type': 'plot', 'value': plot_filename}",TRUE,14.64,TRUE,,TRUE,TRUE,TRUE
Mistral-Large-3-675B,hard,Plot the  the top 5 high revenue doctors working in clinics I,Combined chart of top clinics and doctors,1,exports\charts\temp_chart_b3b34113-f513-42d7-9a8c-44c68629c4f6.png,"SELECT
    StaffName,
    TotalRevenue
FROM
    table_c83679f393c19ab82f71054c6c3facb6
WHERE
    IDOrganisation = 'Clinic A'
    AND ""Locum/Residence"" = 'Residence'
ORDER BY
    TotalRevenue DESC
LIMIT 5","import pandas as pd
import matplotlib.pyplot as plt
import seaborn as sns
sql_query = """"""
SELECT
    StaffName,
    TotalRevenue
FROM
    table_c83679f393c19ab82f71054c6c3facb6
WHERE
    IDOrganisation = 'Clinic A'
    AND ""Locum/Residence"" = 'Residence'
ORDER BY
    TotalRevenue DESC
LIMIT 5
""""""
top_doctors = execute_sql_query(sql_query)
plt.figure(figsize=(10, 6))
sns.barplot(x='TotalRevenue', y='StaffName', data=top_doctors, palette='viridis')
plt.title('Top 5 High Revenue Doctors in Clinic A')
plt.xlabel('Total Revenue')
plt.ylabel('Doctor Name')
plot_file = 'exports\\charts\\temp_chart_b3b34113-f513-42d7-9a8c-44c68629c4f6.png'
plt.savefig(plot_file)
plt.close()
result = {'type': 'plot', 'value': plot_file}",TRUE,18.07,TRUE,,TRUE,TRUE,TRUE
Llama-3.1-8B,hard,Plot Top 3 clinics by total revenue,Bar chart ,2,exports\charts\temp_chart_d262967a-3ecb-45fa-a688-dd486604d71d.png,"SELECT IDOrganisation, Address, State, District, TotalRevenue
    FROM table_bd4f8d5ffa8239c09831e5b997bc2753
    ORDER BY TotalRevenue DESC
    LIMIT 3;","import pandas as pd


def plot_bar_chart(df, x_axis, y_axis, title):
    import matplotlib.pyplot as plt
    plt.figure(figsize=(10, 6))
    plt.bar(df[x_axis], df[y_axis])
    plt.title(title)
    plt.xlabel(x_axis)
    plt.ylabel(y_axis)
    plt.savefig('exports\\charts\\temp_chart_d262967a-3ecb-45fa-a688-dd486604d71d.png')
    plt.close()


sql_query = """"""
    SELECT IDOrganisation, Address, State, District, TotalRevenue
    FROM table_bd4f8d5ffa8239c09831e5b997bc2753
    ORDER BY TotalRevenue DESC
    LIMIT 3;
""""""
df = execute_sql_query(sql_query)
plot_bar_chart(df, 'IDOrganisation', 'TotalRevenue', 'Top 3 Clinics by Total Revenue')
result = {'type': 'plot', 'value': 'exports\\charts\\temp_chart_d262967a-3ecb-45fa-a688-dd486604d71d.png'}",TRUE,8.14,TRUE,,TRUE,TRUE,TRUE
Llama-3.1-8B,hard,Plot the relationship between a clinic's total revenue and the number of doctors it employs.,Scatter plot of revenue vs doctor count,2,exports\charts\temp_chart_9b99f7e2-abde-4047-b9c7-9d4842bcf40b.png,"SELECT t1.IDOrganisation, SUM(t1.TotalRevenue) as TotalRevenue, COUNT(DISTINCT t2.StaffName) as NumberOfDoctors
    FROM table_bd4f8d5ffa8239c09831e5b997bc2753 t1
    JOIN table_c83679f393c19ab82f71054c6c3facb6 t2 ON t1.IDOrganisation = t2.IDOrganisation
    GROUP BY t1.IDOrganisation","import pandas as pd
sql_query = """"""
    SELECT t1.IDOrganisation, SUM(t1.TotalRevenue) as TotalRevenue, COUNT(DISTINCT t2.StaffName) as NumberOfDoctors
    FROM table_bd4f8d5ffa8239c09831e5b997bc2753 t1
    JOIN table_c83679f393c19ab82f71054c6c3facb6 t2 ON t1.IDOrganisation = t2.IDOrganisation
    GROUP BY t1.IDOrganisation
""""""
df = execute_sql_query(sql_query)
df = df.sort_values(by='TotalRevenue', ascending=False)
import matplotlib.pyplot as plt
plt.figure(figsize=(10, 6))
plt.scatter(df['TotalRevenue'], df['NumberOfDoctors'])
plt.xlabel('Total Revenue')
plt.ylabel('Number of Doctors')
plt.title('Relationship between Total Revenue and Number of Doctors')
result = {'type': 'plot', 'value': 'exports\\charts\\temp_chart_9b99f7e2-abde-4047-b9c7-9d4842bcf40b.png'}",TRUE,6.42,TRUE,,TRUE,TRUE,TRUE
Llama-3.1-8B,hard,Plot Top 3 hourly revenue trends.,Line chart of hourly revenue trends,2,exports\charts\temp_chart_4b8d5428-3225-4c40-b5e6-d73271aee088.png,"SELECT Hour, TotalRevenue
    FROM table_6c16364831b68d93e7cf9d423cf8f3da
    GROUP BY Hour, TotalRevenue
    ORDER BY TotalRevenue DESC
    LIMIT 3;","import pandas as pd
import matplotlib.pyplot as plt
sql_query = """"""
    SELECT Hour, TotalRevenue
    FROM table_6c16364831b68d93e7cf9d423cf8f3da
    GROUP BY Hour, TotalRevenue
    ORDER BY TotalRevenue DESC
    LIMIT 3;
""""""
result_df = execute_sql_query(sql_query)
result_df.plot(x='Hour', y='TotalRevenue', kind='bar')
plt.title('Top 3 Hourly Revenue Trends')
plt.xlabel('Hour')
plt.ylabel('Revenue')
plt.savefig('exports\\charts\\temp_chart_4b8d5428-3225-4c40-b5e6-d73271aee088.png')
result = {'type': 'plot', 'value': 'exports\\charts\\temp_chart_4b8d5428-3225-4c40-b5e6-d73271aee088.png'}",FALSE,4.62,TRUE,,FALSE,FALSE,TRUE
Llama-3.1-8B,hard,Create a stacked bar chart of show top 5 patient religion counts by state. Visualize Top 3 religious demographics in regions.,Stacked bar chart of religions by state,2,"Unfortunately, I was not able to get your answer. Please try again.",,"import pandas as pd
import matplotlib.pyplot as plt
table_bd4f8d5ffa8239c09831e5b997bc2753 = execute_sql_query('SELECT * FROM table_bd4f8d5ffa8239c09831e5b997bc2753')
table_3586b23a0be349f88985d8c0d783b36d = execute_sql_query('SELECT * FROM table_3586b23a0be349f88985d8c0d783b36d')
merged_table = pd.merge(table_bd4f8d5ffa8239c09831e5b997bc2753, table_3586b23a0be349f88985d8c0d783b36d, left_on='IDOrganisation', right_on='IDOrganisation')
required_columns = ['State', 'Religions']
filtered_table = merged_table[required_columns]
patient_counts = filtered_table.groupby(['State', 'Religions']).size().reset_index(name='PatientCount')
pivoted_table = patient_counts.pivot_table(index='State', columns='Religions', values='PatientCount', aggfunc='sum', fill_value=0)
top_5_patient_counts = pivoted_table.sum(axis=1).sort_values(ascending=False).head(5)
top_3_religious_demographics = pivoted_table.sum(axis=0).sort_values(ascending=False).head(3)
top_3_religious_demographics.plot(kind='bar', stacked=True, figsize=(10, 6))
plt.title('Top 3 Religious Demographics in Regions')
plt.xlabel('Religions')
plt.ylabel('Patient Count')
plt.legend(title='Religions')
plt.savefig('exports\\charts\\temp_chart_191ba82e-3e34-49e7-aa44-8ae38f3fc2f0.png')
result = {'type': 'plot', 'value': 'exports\\charts\\temp_chart_191ba82e-3e34-49e7-aa44-8ae38f3fc2f0.png'}",FALSE,52.48,TRUE,,TRUE,FALSE,FALSE
Llama-3.1-8B,hard,Plot the  the top 5 high revenue doctors working in clinics I,Combined chart of top clinics and doctors,2,exports\charts\temp_chart_276be78d-a1e5-4d6e-ac37-9915c2bf3416.png,"SELECT 
        t2.IDOrganisation,
        t2.Address,
        t2.State,
        t2.District,
        t2.StaffName,
        SUM(t2.TotalRevenue) as TotalRevenue
    FROM 
        table_c83679f393c19ab82f71054c6c3facb6 t2
    WHERE 
        t2.IDOrganisation IN (SELECT IDOrganisation FROM table_bd4f8d5ffa8239c09831e5b997bc2753 WHERE IDOrganisation LIKE 'Clinic I%')
    GROUP BY 
        t2.IDOrganisation, t2.Address, t2.State, t2.District, t2.StaffName
    ORDER BY 
        TotalRevenue DESC
    LIMIT 5","import pandas as pd


def get_top_5_doctors():
    sql_query = """"""
    SELECT 
        t2.IDOrganisation,
        t2.Address,
        t2.State,
        t2.District,
        t2.StaffName,
        SUM(t2.TotalRevenue) as TotalRevenue
    FROM 
        table_c83679f393c19ab82f71054c6c3facb6 t2
    WHERE 
        t2.IDOrganisation IN (SELECT IDOrganisation FROM table_bd4f8d5ffa8239c09831e5b997bc2753 WHERE IDOrganisation LIKE 'Clinic I%')
    GROUP BY 
        t2.IDOrganisation, t2.Address, t2.State, t2.District, t2.StaffName
    ORDER BY 
        TotalRevenue DESC
    LIMIT 5
    """"""
    df = execute_sql_query(sql_query)
    import matplotlib.pyplot as plt
    plt.figure(figsize=(10, 6))
    plt.bar(df['StaffName'], df['TotalRevenue'])
    plt.xlabel('Staff Name')
    plt.ylabel('Total Revenue')
    plt.title('Top 5 High Revenue Doctors Working in Clinics I')
    plt.xticks(rotation=90)
    plt.tight_layout()
    plt.savefig('exports\\charts\\temp_chart_276be78d-a1e5-4d6e-ac37-9915c2bf3416.png')
    return {'type': 'plot', 'value': 'exports\\charts\\temp_chart_276be78d-a1e5-4d6e-ac37-9915c2bf3416.png'}


result = get_top_5_doctors()",TRUE,8.02,TRUE,,FALSE,TRUE,FALSE
Gemma-2-27B,hard,Plot Top 3 clinics by total revenue,Bar chart ,2,exports\charts\temp_chart_22b72608-7fe8-4157-b31c-471aede75795.png,"SELECT IDOrganisation, TotalRevenue 
FROM table_bd4f8d5ffa8239c09831e5b997bc2753
ORDER BY TotalRevenue DESC
LIMIT 3;","import pandas as pd
import matplotlib.pyplot as plt
sql_query = """"""
SELECT IDOrganisation, TotalRevenue 
FROM table_bd4f8d5ffa8239c09831e5b997bc2753
ORDER BY TotalRevenue DESC
LIMIT 3;
""""""
df = execute_sql_query(sql_query)
df.plot(kind='bar', x='IDOrganisation', y='TotalRevenue', title='Top 3 Clinics by Total Revenue')
plt.savefig('exports\\charts\\temp_chart_22b72608-7fe8-4157-b31c-471aede75795.png')
result = {'type': 'plot', 'value': 'exports\\charts\\temp_chart_22b72608-7fe8-4157-b31c-471aede75795.png'}",TRUE,5.91,TRUE,,TRUE,TRUE,TRUE
Gemma-2-27B,hard,Plot the relationship between a clinic's total revenue and the number of doctors it employs.,Scatter plot of revenue vs doctor count,2,exports\charts\temp_chart_da23049a-07d6-49cd-a76c-dd0f812ea548.png,"SELECT t1.IDOrganisation, t1.TotalRevenue, COUNT(t2.StaffName) as DoctorCount
FROM table_bd4f8d5ffa8239c09831e5b997bc2753 t1
LEFT JOIN table_c83679f393c19ab82f71054c6c3facb6 t2 ON t1.IDOrganisation = t2.IDOrganisation
GROUP BY t1.IDOrganisation, t1.TotalRevenue","import pandas as pd
import matplotlib.pyplot as plt
sql_query = """"""
SELECT t1.IDOrganisation, t1.TotalRevenue, COUNT(t2.StaffName) as DoctorCount
FROM table_bd4f8d5ffa8239c09831e5b997bc2753 t1
LEFT JOIN table_c83679f393c19ab82f71054c6c3facb6 t2 ON t1.IDOrganisation = t2.IDOrganisation
GROUP BY t1.IDOrganisation, t1.TotalRevenue

""""""
df = execute_sql_query(sql_query)
plt.figure(figsize=(10, 6))
plt.scatter(df['DoctorCount'], df['TotalRevenue'])
plt.xlabel('Number of Doctors')
plt.ylabel('Total Revenue')
plt.title('Relationship between Total Revenue and Number of Doctors')
plt.savefig('exports\\charts\\temp_chart_da23049a-07d6-49cd-a76c-dd0f812ea548.png')
result = {'type': 'plot', 'value': 'exports\\charts\\temp_chart_da23049a-07d6-49cd-a76c-dd0f812ea548.png'}",TRUE,17.79,TRUE,,TRUE,TRUE,TRUE
Gemma-2-27B,hard,Plot Top 3 hourly revenue trends.,Line chart of hourly revenue trends,2,exports\charts\temp_chart_5d7cc766-e349-4561-a245-111849a286b4.png,"WITH HourlyRevenue AS (
    SELECT 
        Hour, 
        SUM(TotalRevenue) as TotalRevenueHourly
    FROM table_6c16364831b68d93e7cf9d423cf8f3da
    GROUP BY Hour
)
SELECT * FROM HourlyRevenue ORDER BY TotalRevenueHourly DESC LIMIT 3;","import pandas as pd
import matplotlib.pyplot as plt
sql_query = """"""
WITH HourlyRevenue AS (
    SELECT 
        Hour, 
        SUM(TotalRevenue) as TotalRevenueHourly
    FROM table_6c16364831b68d93e7cf9d423cf8f3da
    GROUP BY Hour
)
SELECT * FROM HourlyRevenue ORDER BY TotalRevenueHourly DESC LIMIT 3;
""""""
df = execute_sql_query(sql_query)
plt.figure(figsize=(10, 6))
plt.plot(df['Hour'], df['TotalRevenueHourly'], marker='o')
plt.title('Top 3 Hourly Revenue Trends')
plt.xlabel('Hour')
plt.ylabel('Total Revenue')
plt.xticks(rotation=45)
plt.tight_layout()
plt.savefig('exports\\charts\\temp_chart_5d7cc766-e349-4561-a245-111849a286b4.png')
result = {'type': 'plot', 'value': 'exports\\charts\\temp_chart_5d7cc766-e349-4561-a245-111849a286b4.png'}",FALSE,7.94,TRUE,,TRUE,FALSE,FALSE
Gemma-2-27B,hard,Create a stacked bar chart of show top 5 patient religion counts by state. Visualize Top 3 religious demographics in regions.,Stacked bar chart of religions by state,2,"Unfortunately, I was not able to get your answer. Please try again.","WITH ReligionCounts AS (
    SELECT 
        t1.State,
        t2.""Religions"",
        COUNT(*) AS ReligionCount
    FROM 
        table_bd4f8d5ffa8239c09831e5b997bc2753 t1
    JOIN 
        table_3586b23a0be349f88985d8c0d783b36d t2 ON t1.IDOrganisation = t2.IDOrganisation
    GROUP BY 
        t1.State, t2.""Religions""
)
SELECT 
    State, 
    ""Religions"", 
    ReligionCount 
FROM 
    ReligionCounts
ORDER BY
    State, 
    ReligionCount DESC;","import pandas as pd
import matplotlib.pyplot as plt
sql_query = """"""
WITH ReligionCounts AS (
    SELECT 
        t1.State,
        t2.""Religions"",
        COUNT(*) AS ReligionCount
    FROM 
        table_bd4f8d5ffa8239c09831e5b997bc2753 t1
    JOIN 
        table_3586b23a0be349f88985d8c0d783b36d t2 ON t1.IDOrganisation = t2.IDOrganisation
    GROUP BY 
        t1.State, t2.""Religions""
)
SELECT 
    State, 
    ""Religions"", 
    ReligionCount 
FROM 
    ReligionCounts
ORDER BY
    State, 
    ReligionCount DESC;
""""""
df = execute_sql_query(sql_query)
top_religions = df.groupby('State')['Religions'].nunique().nlargest(3)
religion_counts_by_state = df[df['Religions'].isin(top_religions.index)].pivot_table(index='State', columns='Religions', values='ReligionCount', aggfunc='sum', fill_value=0)
ax = religion_counts_by_state.plot(kind='bar', stacked=True, figsize=(10, 6))
plt.title('Top 3 Religious Demographics by State')
plt.xlabel('State')
plt.ylabel('Patient Counts')
plt.savefig('exports\\charts\\temp_chart_19fb1bba-0ab6-4a51-b939-2cd1eb3a43ad.png')
result = {'type': 'plot', 'value': 'exports\\charts\\temp_chart_19fb1bba-0ab6-4a51-b939-2cd1eb3a43ad.png'}",FALSE,253.82,TRUE,,TRUE,FALSE,FALSE
Gemma-2-27B,hard,Plot the  the top 5 high revenue doctors working in clinics I,Combined chart of top clinics and doctors,2,exports\charts\temp_chart_e5193ace-8e6b-46b4-b24a-61a19fc464ff.png,"SELECT 
    s.StaffName, SUM(t.TotalRevenue) as TotalRevenue
FROM table_c83679f393c19ab82f71054c6c3facb6 s
INNER JOIN table_bd4f8d5ffa8239c09831e5b997bc2753 t ON s.IDOrganisation = t.IDOrganisation
WHERE s.IDOrganisation = 'Clinic I'
GROUP BY s.StaffName
ORDER BY TotalRevenue DESC
LIMIT 5;","import pandas as pd
import matplotlib.pyplot as plt
sql_query = """"""
SELECT 
    s.StaffName, SUM(t.TotalRevenue) as TotalRevenue
FROM table_c83679f393c19ab82f71054c6c3facb6 s
INNER JOIN table_bd4f8d5ffa8239c09831e5b997bc2753 t ON s.IDOrganisation = t.IDOrganisation
WHERE s.IDOrganisation = 'Clinic I'
GROUP BY s.StaffName
ORDER BY TotalRevenue DESC
LIMIT 5;
""""""
df = execute_sql_query(sql_query)
plt.figure(figsize=(10, 6))
plt.bar(df['StaffName'], df['TotalRevenue'])
plt.title('Top 5 Highest Revenue Doctors in Clinic I')
plt.xlabel('Doctor')
plt.ylabel('Total Revenue')
plt.xticks(rotation=45)
plt.tight_layout()
plt.savefig('exports\\charts\\temp_chart_e5193ace-8e6b-46b4-b24a-61a19fc464ff.png')
result = {'type': 'plot', 'value': 'exports\\charts\\temp_chart_e5193ace-8e6b-46b4-b24a-61a19fc464ff.png'}",TRUE,20.66,TRUE,,FALSE,TRUE,FALSE
Llama3-70B,hard,Plot Top 3 clinics by total revenue,Bar chart ,2,exports\charts\temp_chart_1465d66d-9a6c-4d26-b65e-98aed423a217.png,"SELECT IDOrganisation, TotalRevenue FROM table_bd4f8d5ffa8239c09831e5b997bc2753 ORDER BY TotalRevenue DESC LIMIT 3","import pandas as pd
import matplotlib.pyplot as plt
sql_query = 'SELECT IDOrganisation, TotalRevenue FROM table_bd4f8d5ffa8239c09831e5b997bc2753 ORDER BY TotalRevenue DESC LIMIT 3'
df = execute_sql_query(sql_query)
plt.figure(figsize=(8, 6))
plt.barh(df['IDOrganisation'], df['TotalRevenue'])
plt.xlabel('Total Revenue')
plt.ylabel('Clinic')
plt.title('Top 3 Clinics by Total Revenue')
plt.savefig('exports\\charts\\temp_chart_1465d66d-9a6c-4d26-b65e-98aed423a217.png')
result = {'type': 'plot', 'value': 'exports\\charts\\temp_chart_1465d66d-9a6c-4d26-b65e-98aed423a217.png'}",FALSE,8.12,TRUE,,TRUE,FALSE,FALSE
Llama3-70B,hard,Plot the relationship between a clinic's total revenue and the number of doctors it employs.,Scatter plot of revenue vs doctor count,2,exports\charts\temp_chart_d870b4d1-c37e-4833-a428-d8aafcbc625e.png,"SELECT 
        t1.IDOrganisation, 
        COUNT(DISTINCT t2.StaffName) AS num_doctors, 
        SUM(t1.TotalRevenue) AS total_revenue
    FROM 
        table_bd4f8d5ffa8239c09831e5b997bc2753 t1
    JOIN 
        table_c83679f393c19ab82f71054c6c3facb6 t2
    ON 
        t1.IDOrganisation = t2.IDOrganisation
    GROUP BY 
        t1.IDOrganisation
    ORDER BY 
        total_revenue DESC","import pandas as pd
import matplotlib.pyplot as plt
sql_query = """"""
    SELECT 
        t1.IDOrganisation, 
        COUNT(DISTINCT t2.StaffName) AS num_doctors, 
        SUM(t1.TotalRevenue) AS total_revenue
    FROM 
        table_bd4f8d5ffa8239c09831e5b997bc2753 t1
    JOIN 
        table_c83679f393c19ab82f71054c6c3facb6 t2
    ON 
        t1.IDOrganisation = t2.IDOrganisation
    GROUP BY 
        t1.IDOrganisation
    ORDER BY 
        total_revenue DESC
""""""
df = execute_sql_query(sql_query)
plt.scatter(df['num_doctors'], df['total_revenue'])
plt.xlabel('Number of Doctors')
plt.ylabel('Total Revenue')
plt.title('Relationship between Total Revenue and Number of Doctors')
plt.savefig('exports\\charts\\temp_chart_d870b4d1-c37e-4833-a428-d8aafcbc625e.png')
result = {'type': 'plot', 'value': 'exports\\charts\\temp_chart_d870b4d1-c37e-4833-a428-d8aafcbc625e.png'}",TRUE,11.8,TRUE,,TRUE,TRUE,TRUE
Llama3-70B,hard,Plot Top 3 hourly revenue trends.,Line chart of hourly revenue trends,2,exports\charts\temp_chart_c7f77061-1924-404d-93a2-91274f157e96.png,"SELECT Hour, SUM(TotalRevenue) as HourlyRevenue
    FROM table_6c16364831b68d93e7cf9d423cf8f3da
    GROUP BY Hour
    ORDER BY HourlyRevenue DESC
    LIMIT 3;","import pandas as pd
import matplotlib.pyplot as plt
sql_query = """"""
    SELECT Hour, SUM(TotalRevenue) as HourlyRevenue
    FROM table_6c16364831b68d93e7cf9d423cf8f3da
    GROUP BY Hour
    ORDER BY HourlyRevenue DESC
    LIMIT 3;
""""""
df = execute_sql_query(sql_query)
plt.figure(figsize=(10, 6))
plt.bar(df['Hour'], df['HourlyRevenue'])
plt.xlabel('Hour')
plt.ylabel('Hourly Revenue')
plt.title('Top 3 Hourly Revenue Trends')
plt.savefig('exports\\charts\\temp_chart_c7f77061-1924-404d-93a2-91274f157e96.png')
result = {'type': 'plot', 'value': 'exports\\charts\\temp_chart_c7f77061-1924-404d-93a2-91274f157e96.png'}",FALSE,9.41,TRUE,,FALSE,FALSE,TRUE
Llama3-70B,hard,Create a stacked bar chart of show top 5 patient religion counts by state. Visualize Top 3 religious demographics in regions.,Stacked bar chart of religions by state,2,exports\charts\temp_chart_d72405e6-ec0e-43a3-bf7f-602b871826fc.png,"SELECT State, Religions, COUNT(*) as Count
    FROM table_3586b23a0be349f88985d8c0d783b36d
    GROUP BY State, Religions
    ORDER BY Count DESC
    LIMIT 5;","import pandas as pd
import matplotlib.pyplot as plt
sql_query = """"""
    SELECT State, Religions, COUNT(*) as Count
    FROM table_3586b23a0be349f88985d8c0d783b36d
    GROUP BY State, Religions
    ORDER BY Count DESC
    LIMIT 5;
""""""
df = execute_sql_query(sql_query)
plt.figure(figsize=(10, 6))
df.pivot(index='State', columns='Religions', values='Count').plot(kind='bar', stacked=True)
plt.title('Top 5 Patient Religion Counts by State')
plt.xlabel('State')
plt.ylabel('Count')
plt.legend(title='Religions')
plt.savefig('exports\\charts\\temp_chart_d72405e6-ec0e-43a3-bf7f-602b871826fc.png')
result = {'type': 'plot', 'value': 'exports\\charts\\temp_chart_d72405e6-ec0e-43a3-bf7f-602b871826fc.png'}",FALSE,9.68,TRUE,,TRUE,FALSE,FALSE
Llama3-70B,hard,Plot the  the top 5 high revenue doctors working in clinics I,Combined chart of top clinics and doctors,2,exports\charts\temp_chart_6e6ec4ae-b08d-40b8-9a6c-2d15dd1ee98d.png,"SELECT StaffName, SUM(TotalRevenue) as TotalRevenue
    FROM table_c83679f393c19ab82f71054c6c3facb6
    WHERE IDOrganisation IN (
        SELECT IDOrganisation
        FROM table_bd4f8d5ffa8239c09831e5b997bc2753
        WHERE Address LIKE '%Clinic I%'
    )
    GROUP BY StaffName
    ORDER BY TotalRevenue DESC
    LIMIT 5;","import pandas as pd
import matplotlib.pyplot as plt
sql_query = """"""
    SELECT StaffName, SUM(TotalRevenue) as TotalRevenue
    FROM table_c83679f393c19ab82f71054c6c3facb6
    WHERE IDOrganisation IN (
        SELECT IDOrganisation
        FROM table_bd4f8d5ffa8239c09831e5b997bc2753
        WHERE Address LIKE '%Clinic I%'
    )
    GROUP BY StaffName
    ORDER BY TotalRevenue DESC
    LIMIT 5;
""""""
df = execute_sql_query(sql_query)
plt.barh(df['StaffName'], df['TotalRevenue'])
plt.xlabel('Total Revenue')
plt.ylabel('Staff Name')
plt.title('Top 5 High Revenue Doctors in Clinic I')
plt.savefig('exports\\charts\\temp_chart_6e6ec4ae-b08d-40b8-9a6c-2d15dd1ee98d.png')
result = {'type': 'plot', 'value': 'exports\\charts\\temp_chart_6e6ec4ae-b08d-40b8-9a6c-2d15dd1ee98d.png'}",TRUE,11.2,TRUE,,FALSE,TRUE,FALSE
Llama-3.1-405B,hard,Plot Top 3 clinics by total revenue,Bar chart ,2,exports\charts\temp_chart_18c6a8c1-94b0-4d06-afff-67b807d9d909.png,"SELECT IDOrganisation, TotalRevenue
    FROM table_bd4f8d5ffa8239c09831e5b997bc2753
    ORDER BY TotalRevenue DESC
    LIMIT 3","import pandas as pd
import matplotlib.pyplot as plt
sql_query = """"""
    SELECT IDOrganisation, TotalRevenue
    FROM table_bd4f8d5ffa8239c09831e5b997bc2753
    ORDER BY TotalRevenue DESC
    LIMIT 3
""""""
df = execute_sql_query(sql_query)
plt.figure(figsize=(10, 6))
plt.bar(df['IDOrganisation'], df['TotalRevenue'])
plt.xlabel('Clinic')
plt.ylabel('Total Revenue')
plt.title('Top 3 Clinics by Total Revenue')
plt.xticks(rotation=90)
plt.tight_layout()
plt.savefig('exports\\charts\\temp_chart_18c6a8c1-94b0-4d06-afff-67b807d9d909.png')
result = {'type': 'plot', 'value': 'exports\\charts\\temp_chart_18c6a8c1-94b0-4d06-afff-67b807d9d909.png'}",TRUE,6.88,TRUE,,TRUE,TRUE,TRUE
Llama-3.1-405B,hard,Plot the relationship between a clinic's total revenue and the number of doctors it employs.,Scatter plot of revenue vs doctor count,2,exports\charts\temp_chart_d509974c-372b-41c0-ba7f-09c729c14a01.png,,"import pandas as pd
import matplotlib.pyplot as plt
import sqlite3
sql_query_clinic = """"""
    SELECT 
        IDOrganisation, 
        TotalRevenue
    FROM 
        table_bd4f8d5ffa8239c09831e5b997bc2753
""""""
sql_query_doctor = """"""
    SELECT 
        IDOrganisation, 
        COUNT(DISTINCT StaffName) as TotalDoctors
    FROM 
        table_c83679f393c19ab82f71054c6c3facb6
    GROUP BY 
        IDOrganisation
""""""
clinic_df = execute_sql_query(sql_query_clinic)
doctor_df = execute_sql_query(sql_query_doctor)
merged_df = pd.merge(clinic_df, doctor_df, on='IDOrganisation')
plt.figure(figsize=(10, 6))
plt.scatter(merged_df['TotalDoctors'], merged_df['TotalRevenue'])
plt.xlabel('Total Doctors')
plt.ylabel('Total Revenue')
plt.title('Relationship between Total Revenue and Total Doctors')
plt.savefig('exports\\charts\\temp_chart_d509974c-372b-41c0-ba7f-09c729c14a01.png')
result = {'type': 'plot', 'value': 'exports\\charts\\temp_chart_d509974c-372b-41c0-ba7f-09c729c14a01.png'}",TRUE,12.89,TRUE,,TRUE,TRUE,TRUE
Llama-3.1-405B,hard,Plot Top 3 hourly revenue trends.,Line chart of hourly revenue trends,2,exports\charts\temp_chart_eec489df-09c6-4973-9072-c71884158ad6.png,"SELECT Hour, SUM(TotalRevenue) as TotalRevenue
    FROM table_6c16364831b68d93e7cf9d423cf8f3da
    GROUP BY Hour
    ORDER BY TotalRevenue DESC
    LIMIT 3","import pandas as pd
import matplotlib.pyplot as plt
sql_query = """"""
    SELECT Hour, SUM(TotalRevenue) as TotalRevenue
    FROM table_6c16364831b68d93e7cf9d423cf8f3da
    GROUP BY Hour
    ORDER BY TotalRevenue DESC
    LIMIT 3
""""""
df = execute_sql_query(sql_query)
plt.figure(figsize=(10, 6))
plt.bar(df['Hour'], df['TotalRevenue'])
plt.xlabel('Hour')
plt.ylabel('Total Revenue')
plt.title('Top 3 Hourly Revenue Trends')
plt.xticks(rotation=45)
plt.tight_layout()
plt.savefig('exports\\charts\\temp_chart_eec489df-09c6-4973-9072-c71884158ad6.png')
result = {'type': 'plot', 'value': 'exports\\charts\\temp_chart_eec489df-09c6-4973-9072-c71884158ad6.png'}",TRUE,9.21,TRUE,,TRUE,TRUE,TRUE
Llama-3.1-405B,hard,Create a stacked bar chart of show top 5 patient religion counts by state. Visualize Top 3 religious demographics in regions.,Stacked bar chart of religions by state,2,exports\charts\temp_chart_0cfea530-b789-447d-8b49-62046fc2adc4.png,"SELECT State, Religions, COUNT(*) as count
    FROM table_3586b23a0be349f88985d8c0d783b36d
    GROUP BY State, Religions
    ORDER BY count DESC
    LIMIT 15;","import pandas as pd
import matplotlib.pyplot as plt
sql_query = """"""
    SELECT State, Religions, COUNT(*) as count
    FROM table_3586b23a0be349f88985d8c0d783b36d
    GROUP BY State, Religions
    ORDER BY count DESC
    LIMIT 15;
""""""
df = execute_sql_query(sql_query)
df_pivot = df.pivot_table(index='State', columns='Religions', values='count', fill_value=0)
top_3_religions = df_pivot.sum().nlargest(3).index
df_filtered = df_pivot[top_3_religions]
plt.figure(figsize=(10, 6))
df_filtered.plot(kind='bar', stacked=True)
plt.title('Top 5 Patient Religion Counts by State')
plt.xlabel('State')
plt.ylabel('Count')
plt.legend(title='Religion')
plt.savefig('exports\\charts\\temp_chart_0cfea530-b789-447d-8b49-62046fc2adc4.png')
result = {'type': 'plot', 'value': 'exports\\charts\\temp_chart_0cfea530-b789-447d-8b49-62046fc2adc4.png'}",FALSE,9.81,TRUE,,TRUE,FALSE,TRUE
Llama-3.1-405B,hard,Plot the  the top 5 high revenue doctors working in clinics I,Combined chart of top clinics and doctors,2,exports\charts\temp_chart_4f49ee1f-501f-4659-91d8-81538b46854d.png,"SELECT StaffName, TotalRevenue
    FROM table_c83679f393c19ab82f71054c6c3facb6
    ORDER BY TotalRevenue DESC
    LIMIT 5","import pandas as pd
import matplotlib.pyplot as plt
sql_query = """"""
    SELECT StaffName, TotalRevenue
    FROM table_c83679f393c19ab82f71054c6c3facb6
    ORDER BY TotalRevenue DESC
    LIMIT 5
""""""
df = execute_sql_query(sql_query)
plt.figure(figsize=(10, 6))
plt.bar(df['StaffName'], df['TotalRevenue'])
plt.xlabel('Staff Name')
plt.ylabel('Total Revenue')
plt.title('Top 5 High Revenue Doctors Working in Clinics')
plt.xticks(rotation=90)
plt.tight_layout()
plt.savefig('exports\\charts\\temp_chart_4f49ee1f-501f-4659-91d8-81538b46854d.png')
result = {'type': 'plot', 'value': 'exports\\charts\\temp_chart_4f49ee1f-501f-4659-91d8-81538b46854d.png'}",TRUE,39.06,TRUE,,TRUE,TRUE,TRUE
Mistral-Large-3-675B,hard,Plot Top 3 clinics by total revenue,Bar chart ,2,exports\charts\temp_chart_154adce7-0a9f-4460-b74f-2d43aae3f503.png,"SELECT
    IDOrganisation,
    TotalRevenue
FROM
    table_bd4f8d5ffa8239c09831e5b997bc2753
ORDER BY
    TotalRevenue DESC
LIMIT 3","import pandas as pd
import matplotlib.pyplot as plt
sql_query = """"""
SELECT
    IDOrganisation,
    TotalRevenue
FROM
    table_bd4f8d5ffa8239c09831e5b997bc2753
ORDER BY
    TotalRevenue DESC
LIMIT 3
""""""
top_clinics = execute_sql_query(sql_query)
plt.figure(figsize=(8, 6))
plt.bar(top_clinics['IDOrganisation'], top_clinics['TotalRevenue'])
plt.title('Top 3 Clinics by Total Revenue')
plt.xlabel('Clinic')
plt.ylabel('Total Revenue (MYR)')
plt.xticks(rotation=45)
plt.tight_layout()
plot_file = 'exports\\charts\\temp_chart_154adce7-0a9f-4460-b74f-2d43aae3f503.png'
plt.savefig(plot_file)
plt.close()
result = {'type': 'plot', 'value': plot_file}",TRUE,10.55,TRUE,,TRUE,TRUE,TRUE
Mistral-Large-3-675B,hard,Plot the relationship between a clinic's total revenue and the number of doctors it employs.,Scatter plot of revenue vs doctor count,2,exports\charts\temp_chart_93f3abcb-b39a-4029-bea8-f8ad97d69893.png,,"import pandas as pd
import matplotlib.pyplot as plt
import os
clinic_data = execute_sql_query(""""""
    SELECT
        t1.IDOrganisation,
        t1.TotalRevenue,
        COUNT(DISTINCT t2.StaffName) AS DoctorCount
    FROM
        table_bd4f8d5ffa8239c09831e5b997bc2753 t1
    JOIN
        table_c83679f393c19ab82f71054c6c3facb6 t2
    ON
        t1.IDOrganisation = t2.IDOrganisation
    WHERE
        t2.""Locum/Residence"" = 'Residence'
    GROUP BY
        t1.IDOrganisation, t1.TotalRevenue
    ORDER BY
        t1.IDOrganisation
"""""")
plt.figure(figsize=(10, 6))
plt.scatter(clinic_data['DoctorCount'], clinic_data['TotalRevenue'] / 1000000)
plt.title('Relationship Between Clinic Revenue and Number of Doctors')
plt.xlabel('Number of Doctors')
plt.ylabel('Total Revenue (Million)')
plt.grid(True)
for i, row in clinic_data.iterrows():
    plt.annotate(row['IDOrganisation'], (row['DoctorCount'], row['TotalRevenue'] / 1000000), textcoords='offset points', xytext=(0, 5), ha='center')
plot_filename = 'exports\\charts\\temp_chart_93f3abcb-b39a-4029-bea8-f8ad97d69893.png'
plt.savefig(plot_filename)
plt.close()
result = {'type': 'plot', 'value': plot_filename}",TRUE,52.07,TRUE,,TRUE,TRUE,TRUE
Mistral-Large-3-675B,hard,Plot Top 3 hourly revenue trends.,Line chart of hourly revenue trends,2,exports\charts\temp_chart_119e7ce9-1529-4692-b943-001a85b7d1c1.png,"SELECT
    Hour,
    SUM(TotalRevenue) as TotalHourlyRevenue
FROM
    table_6c16364831b68d93e7cf9d423cf8f3da
WHERE
    Hour IS NOT NULL
GROUP BY
    Hour
ORDER BY
    TotalHourlyRevenue DESC
LIMIT 3","import pandas as pd
import matplotlib.pyplot as plt
import matplotlib.dates as mdates
sql_query = """"""
SELECT
    Hour,
    SUM(TotalRevenue) as TotalHourlyRevenue
FROM
    table_6c16364831b68d93e7cf9d423cf8f3da
WHERE
    Hour IS NOT NULL
GROUP BY
    Hour
ORDER BY
    TotalHourlyRevenue DESC
LIMIT 3
""""""
df = execute_sql_query(sql_query)
df['Hour'] = pd.to_datetime(df['Hour'])
df = df.sort_values('Hour')
plt.figure(figsize=(10, 6))
plt.plot(df['Hour'], df['TotalHourlyRevenue'], marker='o')
plt.title('Top 3 Hourly Revenue Trends')
plt.xlabel('Hour')
plt.ylabel('Total Revenue')
plt.grid(True)
plt.gca().xaxis.set_major_formatter(mdates.DateFormatter('%Y-%m-%d %H:%M'))
plt.gcf().autofmt_xdate()
plot_filename = 'exports\\charts\\temp_chart_119e7ce9-1529-4692-b943-001a85b7d1c1.png'
plt.savefig(plot_filename)
plt.close()
result = {'type': 'plot', 'value': plot_filename}",FALSE,10.05,TRUE,,TRUE,FALSE,TRUE
Mistral-Large-3-675B,hard,Create a stacked bar chart of show top 5 patient religion counts by state. Visualize Top 3 religious demographics in regions.,Stacked bar chart of religions by state,2,exports\charts\temp_chart_02e3780e-1a9b-46ce-abbf-724c288c6428.png,,"import pandas as pd
import matplotlib.pyplot as plt
import seaborn as sns
religion_counts_query = """"""
SELECT
    t1.State,
    t2.Religions,
    COUNT(*) as PatientCount
FROM
    table_3586b23a0be349f88985d8c0d783b36d t2
JOIN
    table_bd4f8d5ffa8239c09831e5b997bc2753 t1
ON
    t1.IDOrganisation = t2.IDOrganisation
GROUP BY
    t1.State, t2.Religions
ORDER BY
    t1.State, PatientCount DESC
""""""
religion_counts_df = execute_sql_query(religion_counts_query)
top_religions = religion_counts_df.groupby('Religions')['PatientCount'].sum().nlargest(5).index.tolist()
top_religions_per_state = religion_counts_df.groupby('State').apply(lambda x: x.nlargest(3, 'PatientCount')['Religions'].tolist()).to_dict()
filtered_df = religion_counts_df[religion_counts_df['Religions'].isin(top_religions)]
pivot_df = filtered_df.pivot(index='State', columns='Religions', values='PatientCount').fillna(0)
plt.figure(figsize=(14, 8))
colors = sns.color_palette('husl', len(top_religions))
ax = pivot_df[top_religions].plot(kind='bar', stacked=True, color=colors, figsize=(14, 8))
plt.title('Top 5 Religions by Patient Count Across States', fontsize=16)
plt.xlabel('State', fontsize=12)
plt.ylabel('Patient Count', fontsize=12)
plt.xticks(rotation=45, ha='right')
plt.legend(title='Religions', bbox_to_anchor=(1.05, 1), loc='upper left')
for i, state in enumerate(pivot_df.index):
    top3 = top_religions_per_state.get(state, [])
    for j, religion in enumerate(top3):
        if religion in top_religions:
            count = pivot_df.loc[state, religion]
            if count > 0:
                y_pos = pivot_df.loc[state, top_religions[:top_religions.index(religion)]].sum() + count / 2
                ax.text(i, y_pos, f'{religion}\n{count}', ha='center', va='center', fontsize=8)
plt.tight_layout()
chart_path = 'exports\\charts\\temp_chart_02e3780e-1a9b-46ce-abbf-724c288c6428.png'
plt.savefig(chart_path, dpi=300, bbox_inches='tight')
plt.close()
result = {'type': 'plot', 'value': chart_path}",TRUE,20.01,TRUE,,TRUE,TRUE,TRUE
Mistral-Large-3-675B,hard,Plot the  the top 5 high revenue doctors working in clinics I,Combined chart of top clinics and doctors,2,exports\charts\temp_chart_60868fbc-25d7-497f-8794-b643c825b9ab.png,"SELECT
    StaffName,
    TotalRevenue
FROM
    table_c83679f393c19ab82f71054c6c3facb6
WHERE
    IDOrganisation = 'Clinic A'
ORDER BY
    TotalRevenue DESC
LIMIT 5","import pandas as pd
import matplotlib.pyplot as plt
sql_query = """"""
SELECT
    StaffName,
    TotalRevenue
FROM
    table_c83679f393c19ab82f71054c6c3facb6
WHERE
    IDOrganisation = 'Clinic A'
ORDER BY
    TotalRevenue DESC
LIMIT 5
""""""
top_doctor_revenue = execute_sql_query(sql_query)
plt.figure(figsize=(10, 6))
plt.bar(top_doctor_revenue['StaffName'], top_doctor_revenue['TotalRevenue'])
plt.title('Top 5 High Revenue Doctors in Clinic A')
plt.xlabel('Doctor Name')
plt.ylabel('Total Revenue')
plt.xticks(rotation=45)
plt.tight_layout()
plot_filename = 'exports\\charts\\temp_chart_60868fbc-25d7-497f-8794-b643c825b9ab.png'
plt.savefig(plot_filename)
plt.close()
result = {'type': 'plot', 'value': plot_filename}",FALSE,7.26,TRUE,,FALSE,FALSE,TRUE
Llama-3.1-8B,hard,Plot Top 3 clinics by total revenue,Bar chart ,3,exports\charts\temp_chart_038817a9-3015-4e8e-a39f-cbcc65289cd9.png,"SELECT IDOrganisation, Address, State, District, TotalRevenue
    FROM table_bd4f8d5ffa8239c09831e5b997bc2753
    ORDER BY TotalRevenue DESC
    LIMIT 3","import pandas as pd
import matplotlib.pyplot as plt
sql_query = """"""
    SELECT IDOrganisation, Address, State, District, TotalRevenue
    FROM table_bd4f8d5ffa8239c09831e5b997bc2753
    ORDER BY TotalRevenue DESC
    LIMIT 3
""""""
result_df = execute_sql_query(sql_query)
plt.figure(figsize=(10, 6))
plt.bar(result_df['IDOrganisation'], result_df['TotalRevenue'], label='Total Revenue')
plt.xlabel('ID Organisation')
plt.ylabel('Total Revenue')
plt.title('Top 3 Clinics by Total Revenue')
plt.xticks(rotation=90)
plt.tight_layout()
plt.savefig('exports\\charts\\temp_chart_038817a9-3015-4e8e-a39f-cbcc65289cd9.png')
plt.close()
result = {'type': 'plot', 'value': 'exports\\charts\\temp_chart_038817a9-3015-4e8e-a39f-cbcc65289cd9.png'}",TRUE,12.48,TRUE,,TRUE,TRUE,TRUE
Llama-3.1-8B,hard,Plot the relationship between a clinic's total revenue and the number of doctors it employs.,Scatter plot of revenue vs doctor count,3,exports\charts\temp_chart_2f621ef4-594e-4855-aa87-bdf8f4d2a6ee.png,"SELECT 
    t1.IDOrganisation, 
    t1.TotalRevenue, 
    t2.TotalPatientCount
FROM 
    table_bd4f8d5ffa8239c09831e5b997bc2753 t1
JOIN 
    table_c83679f393c19ab82f71054c6c3facb6 t2
ON 
    t1.IDOrganisation = t2.IDOrganisation
GROUP BY 
    t1.IDOrganisation, t1.TotalRevenue, t2.TotalPatientCount
ORDER BY 
    t1.TotalRevenue DESC","import pandas as pd
import matplotlib.pyplot as plt
import seaborn as sns
sql_query = """"""
SELECT 
    t1.IDOrganisation, 
    t1.TotalRevenue, 
    t2.TotalPatientCount
FROM 
    table_bd4f8d5ffa8239c09831e5b997bc2753 t1
JOIN 
    table_c83679f393c19ab82f71054c6c3facb6 t2
ON 
    t1.IDOrganisation = t2.IDOrganisation
GROUP BY 
    t1.IDOrganisation, t1.TotalRevenue, t2.TotalPatientCount
ORDER BY 
    t1.TotalRevenue DESC
""""""
df = execute_sql_query(sql_query)
plt.figure(figsize=(10, 6))
sns.scatterplot(x='TotalPatientCount', y='TotalRevenue', data=df)
plt.title('Relationship between Total Revenue and Number of Doctors')
plt.xlabel('Number of Doctors')
plt.ylabel('Total Revenue')
result = {'type': 'plot', 'value': 'exports\\charts\\temp_chart_2f621ef4-594e-4855-aa87-bdf8f4d2a6ee.png'}",FALSE,6.59,TRUE,,TRUE,FALSE,FALSE
Llama-3.1-8B,hard,Plot Top 3 hourly revenue trends.,Line chart of hourly revenue trends,3,exports\charts\temp_chart_c852ae5a-e363-4ec3-afbd-7452730fef61.png,,"import pandas as pd
import matplotlib.pyplot as plt
data = execute_sql_query(""""""
    SELECT Hour, ANY_VALUE(TotalRevenue) AS TotalRevenue
    FROM table_6c16364831b68d93e7cf9d423cf8f3da
    GROUP BY Hour
    ORDER BY ANY_VALUE(TotalRevenue) DESC
    LIMIT 3
"""""")
df = data
plt.figure(figsize=(10, 6))
plt.bar(df['Hour'], df['TotalRevenue'])
plt.xlabel('Hour')
plt.ylabel('Revenue')
plt.title('Top 3 Hourly Revenue Trends')
plt.xticks(rotation=45)
plt.tight_layout()
plt.savefig('exports\\charts\\temp_chart_c852ae5a-e363-4ec3-afbd-7452730fef61.png')
result = {'type': 'plot', 'value': 'exports\\charts\\temp_chart_c852ae5a-e363-4ec3-afbd-7452730fef61.png'}",TRUE,15.11,TRUE,,FALSE,TRUE,FALSE
Llama-3.1-8B,hard,Create a stacked bar chart of show top 5 patient religion counts by state. Visualize Top 3 religious demographics in regions.,Stacked bar chart of religions by state,3,exports\charts\temp_chart_b9030cc8-791f-46f9-91ba-f862e4e39074.png,"SELECT 
        t1.State, 
        t1.Religions, 
        COUNT(*) as Count
    FROM 
        table_3586b23a0be349f88985d8c0d783b36d t1
    GROUP BY 
        t1.State, 
        t1.Religions
    ORDER BY 
        t1.State, 
        COUNT(*) DESC
    LIMIT 5","import pandas as pd
sql_query = """"""
    SELECT 
        t1.State, 
        t1.Religions, 
        COUNT(*) as Count
    FROM 
        table_3586b23a0be349f88985d8c0d783b36d t1
    GROUP BY 
        t1.State, 
        t1.Religions
    ORDER BY 
        t1.State, 
        COUNT(*) DESC
    LIMIT 5
""""""
df = execute_sql_query(sql_query)
df_pivot = df.pivot_table(index='State', columns='Religions', values='Count', aggfunc='sum', fill_value=0)
import matplotlib.pyplot as plt
df_pivot.plot(kind='bar', stacked=True)
plt.title('Top 5 Patient Religion Counts by State')
plt.xlabel('State')
plt.ylabel('Count')
plt.legend(title='Religions')
result = {'type': 'plot', 'value': 'exports\\charts\\temp_chart_b9030cc8-791f-46f9-91ba-f862e4e39074.png'}",FALSE,5.85,TRUE,,TRUE,FALSE,FALSE
Llama-3.1-8B,hard,Plot the  the top 5 high revenue doctors working in clinics I,Combined chart of top clinics and doctors,3,,,,FALSE,,FALSE,"Required keyword: 'this' missing for <class 'sqlglot.expressions.Column'>. Line 15, Col: 5.
  PanelPatientCount,
        t2.TotalRevenue,
        t2.TotalPaid,
        t2.TotalPanel,
        t2.??4m%??,False,False,True
Gemma-2-27B,hard,Plot Top 3 clinics by total revenue,Bar chart ,3,exports\charts\temp_chart_6a5e2845-9967-4dcf-99fa-475904c18fae.png,SELECT IDOrganisation", TotalRevenue,,
FROM table_bd4f8d5ffa8239c09831e5b997bc2753,,,,,,,,,,,,,,
ORDER BY TotalRevenue DESC,,,,,,,,,,,,,,
LIMIT 3;","import pandas as pd
import matplotlib.pyplot as plt
sql_query = """"""
SELECT IDOrganisation, TotalRevenue
FROM table_bd4f8d5ffa8239c09831e5b997bc2753
ORDER BY TotalRevenue DESC
LIMIT 3;
""""""
df = execute_sql_query(sql_query)
plt.figure(figsize=(10, 6))
plt.bar(df['IDOrganisation'], df['TotalRevenue'])
plt.xlabel('Clinic ID')
plt.ylabel('Total Revenue')
plt.title('Top 3 Clinics by Total Revenue')
plt.xticks(rotation=45, ha='right')
plt.tight_layout()
plt.savefig('exports\\charts\\temp_chart_6a5e2845-9967-4dcf-99fa-475904c18fae.png')
result = {'type': 'plot', 'value': 'exports\\charts\\temp_chart_6a5e2845-9967-4dcf-99fa-475904c18fae.png'}",TRUE,16.62,TRUE,,TRUE,TRUE,TRUE,,,,,,
Gemma-2-27B,hard,Plot the relationship between a clinic's total revenue and the number of doctors it employs.,Scatter plot of revenue vs doctor count,3,exports\charts\temp_chart_67c8b34d-fa9a-44db-bd86-4a45d86de680.png,"SELECT t1.IDOrganisation, t1.TotalRevenue, COUNT(DISTINCT t2.StaffName) AS NumberOfDoctors
FROM table_bd4f8d5ffa8239c09831e5b997bc2753 AS t1
JOIN table_c83679f393c19ab82f71054c6c3facb6 AS t2 ON t1.IDOrganisation = t2.IDOrganisation
GROUP BY t1.IDOrganisation, t1.TotalRevenue;","import pandas as pd
import matplotlib.pyplot as plt
sql_query = """"""
SELECT t1.IDOrganisation, t1.TotalRevenue, COUNT(DISTINCT t2.StaffName) AS NumberOfDoctors
FROM table_bd4f8d5ffa8239c09831e5b997bc2753 AS t1
JOIN table_c83679f393c19ab82f71054c6c3facb6 AS t2 ON t1.IDOrganisation = t2.IDOrganisation
GROUP BY t1.IDOrganisation, t1.TotalRevenue;
""""""
df = execute_sql_query(sql_query)
plt.scatter(df['NumberOfDoctors'], df['TotalRevenue'])
plt.xlabel('Number of Doctors')
plt.ylabel('Total Revenue')
plt.title('Relationship between Total Revenue and Number of Doctors')
plt.savefig('exports\\charts\\temp_chart_67c8b34d-fa9a-44db-bd86-4a45d86de680.png')
result = {'type': 'plot', 'value': 'exports\\charts\\temp_chart_67c8b34d-fa9a-44db-bd86-4a45d86de680.png'}",TRUE,16.36,TRUE,,TRUE,TRUE,TRUE
Gemma-2-27B,hard,Plot Top 3 hourly revenue trends.,Line chart of hourly revenue trends,3,exports\charts\temp_chart_40a742f3-0413-43ef-9560-3571ed3a2192.png,"SELECT Hour, SUM(TotalRevenue) AS TotalRevenue
FROM table_6c16364831b68d93e7cf9d423cf8f3da
GROUP BY Hour
ORDER BY TotalRevenue DESC
LIMIT 3;","import pandas as pd
import matplotlib.pyplot as plt
sql_query = """"""
SELECT Hour, SUM(TotalRevenue) AS TotalRevenue
FROM table_6c16364831b68d93e7cf9d423cf8f3da
GROUP BY Hour
ORDER BY TotalRevenue DESC
LIMIT 3;
""""""
df = execute_sql_query(sql_query)
plt.figure(figsize=(10, 6))
plt.bar(df['Hour'], df['TotalRevenue'])
plt.xlabel('Hour')
plt.ylabel('Total Revenue')
plt.title('Top 3 Hourly Revenue Trends')
plt.xticks(rotation=45)
plt.tight_layout()
plt.savefig('exports\\charts\\temp_chart_40a742f3-0413-43ef-9560-3571ed3a2192.png')
result = {'type': 'plot', 'value': 'exports\\charts\\temp_chart_40a742f3-0413-43ef-9560-3571ed3a2192.png'}",TRUE,14.55,TRUE,,FALSE,TRUE,FALSE
Gemma-2-27B,hard,Create a stacked bar chart of show top 5 patient religion counts by state. Visualize Top 3 religious demographics in regions.,Stacked bar chart of religions by state,3,exports\charts\temp_chart_71288495-015e-46cb-a77d-14062d54e6a9.png,"WITH PatientReligionCounts AS (
    SELECT 
        State,
        Religions,
        COUNT(*) AS PatientCount
    FROM table_3586b23a0be349f88985d8c0d783b36d
    GROUP BY State, Religions
)
SELECT 
    State,
    Religions,
    PatientCount
FROM PatientReligionCounts
ORDER BY State, PatientCount DESC
LIMIT 15","import pandas as pd
import matplotlib.pyplot as plt
sql_query = """"""
WITH PatientReligionCounts AS (
    SELECT 
        State,
        Religions,
        COUNT(*) AS PatientCount
    FROM table_3586b23a0be349f88985d8c0d783b36d
    GROUP BY State, Religions
)
SELECT 
    State,
    Religions,
    PatientCount
FROM PatientReligionCounts
ORDER BY State, PatientCount DESC
LIMIT 15
""""""
df = execute_sql_query(sql_query)
top_religions_by_state = df.pivot(index='State', columns='Religions', values='PatientCount')
top_religions_by_state.fillna(0, inplace=True)
ax = top_religions_by_state.plot(kind='bar', stacked=True, figsize=(10, 6))
plt.title('Top 5 Religious Demographics by State')
plt.xlabel('State')
plt.ylabel('Patient Count')
plt.tight_layout()
plt.savefig('exports\\charts\\temp_chart_71288495-015e-46cb-a77d-14062d54e6a9.png')
result = {'type': 'plot', 'value': 'exports\\charts\\temp_chart_71288495-015e-46cb-a77d-14062d54e6a9.png'}",FALSE,10.11,TRUE,,TRUE,FALSE,FALSE
Gemma-2-27B,hard,Plot the  the top 5 high revenue doctors working in clinics I,Combined chart of top clinics and doctors,3,exports\charts\temp_chart_b124d83e-7a25-4e76-aae1-465ea6c0f21a.png,"WITH DoctorRevenue AS (
    SELECT 
        s.StaffName,
        SUM(s.TotalRevenue) as total_revenue
    FROM table_c83679f393c19ab82f71054c6c3facb6 s
    WHERE s.IDOrganisation = 'Clinic I'
    GROUP BY s.StaffName
    ORDER BY total_revenue DESC
    LIMIT 5
)
SELECT * FROM DoctorRevenue","import pandas as pd
import matplotlib.pyplot as plt
sql_query = """"""
WITH DoctorRevenue AS (
    SELECT 
        s.StaffName,
        SUM(s.TotalRevenue) as total_revenue
    FROM table_c83679f393c19ab82f71054c6c3facb6 s
    WHERE s.IDOrganisation = 'Clinic I'
    GROUP BY s.StaffName
    ORDER BY total_revenue DESC
    LIMIT 5
)
SELECT * FROM DoctorRevenue

""""""
df = execute_sql_query(sql_query)
plt.figure(figsize=(10, 6))
plt.bar(df['StaffName'], df['total_revenue'])
plt.xlabel('Doctor Name')
plt.ylabel('Total Revenue')
plt.title('Top 5 Highest Revenue Doctors in Clinic I')
plt.xticks(rotation=45, ha='right')
plt.tight_layout()
plt.savefig('exports\\charts\\temp_chart_b124d83e-7a25-4e76-aae1-465ea6c0f21a.png')
result = {'type': 'plot', 'value': 'exports\\charts\\temp_chart_b124d83e-7a25-4e76-aae1-465ea6c0f21a.png'}",TRUE,18.39,TRUE,,FALSE,TRUE,FALSE
Llama3-70B,hard,Plot Top 3 clinics by total revenue,Bar chart ,3,exports\charts\temp_chart_ba69f274-3584-41eb-ad55-1bc8bbafa639.png,"SELECT IDOrganisation, TotalRevenue FROM table_bd4f8d5ffa8239c09831e5b997bc2753 ORDER BY TotalRevenue DESC LIMIT 3","import pandas as pd
import matplotlib.pyplot as plt
df = execute_sql_query('SELECT * FROM table_bd4f8d5ffa8239c09831e5b997bc2753')
sql_query = 'SELECT IDOrganisation, TotalRevenue FROM table_bd4f8d5ffa8239c09831e5b997bc2753 ORDER BY TotalRevenue DESC LIMIT 3'
top_3_clinics = execute_sql_query(sql_query)
plt.bar(top_3_clinics['IDOrganisation'], top_3_clinics['TotalRevenue'])
plt.xlabel('Clinic')
plt.ylabel('Total Revenue')
plt.title('Top 3 Clinics by Total Revenue')
plt.savefig('exports\\charts\\temp_chart_ba69f274-3584-41eb-ad55-1bc8bbafa639.png')
result = {'type': 'plot', 'value': 'exports\\charts\\temp_chart_ba69f274-3584-41eb-ad55-1bc8bbafa639.png'}",TRUE,10.01,TRUE,,TRUE,TRUE,TRUE
Llama3-70B,hard,Plot the relationship between a clinic's total revenue and the number of doctors it employs.,Scatter plot of revenue vs doctor count,3,exports\charts\temp_chart_f6b23565-83ab-4c72-b134-56d44789bb20.png,"SELECT 
        t1.IDOrganisation, 
        COUNT(DISTINCT t2.StaffName) AS num_doctors, 
        SUM(t1.TotalRevenue) AS total_revenue
    FROM 
        table_bd4f8d5ffa8239c09831e5b997bc2753 t1
    JOIN 
        table_c83679f393c19ab82f71054c6c3facb6 t2
    ON 
        t1.IDOrganisation = t2.IDOrganisation
    GROUP BY 
        t1.IDOrganisation
    ORDER BY 
        total_revenue DESC","import pandas as pd
import matplotlib.pyplot as plt
sql_query = """"""
    SELECT 
        t1.IDOrganisation, 
        COUNT(DISTINCT t2.StaffName) AS num_doctors, 
        SUM(t1.TotalRevenue) AS total_revenue
    FROM 
        table_bd4f8d5ffa8239c09831e5b997bc2753 t1
    JOIN 
        table_c83679f393c19ab82f71054c6c3facb6 t2
    ON 
        t1.IDOrganisation = t2.IDOrganisation
    GROUP BY 
        t1.IDOrganisation
    ORDER BY 
        total_revenue DESC
""""""
df = execute_sql_query(sql_query)
plt.scatter(df['num_doctors'], df['total_revenue'])
plt.xlabel('Number of Doctors')
plt.ylabel('Total Revenue')
plt.title('Relationship between Total Revenue and Number of Doctors')
plt.savefig('exports\\charts\\temp_chart_f6b23565-83ab-4c72-b134-56d44789bb20.png')
result = {'type': 'plot', 'value': 'exports\\charts\\temp_chart_f6b23565-83ab-4c72-b134-56d44789bb20.png'}",TRUE,11.92,TRUE,,TRUE,TRUE,TRUE
Llama3-70B,hard,Plot Top 3 hourly revenue trends.,Line chart of hourly revenue trends,3,exports\charts\temp_chart_5f974ea2-4bc9-4b0f-8edc-6c3a566944ec.png,"SELECT Hour, SUM(TotalRevenue) as HourlyRevenue
    FROM table_6c16364831b68d93e7cf9d423cf8f3da
    GROUP BY Hour
    ORDER BY HourlyRevenue DESC
    LIMIT 3;","import pandas as pd
import matplotlib.pyplot as plt
sql_query = """"""
    SELECT Hour, SUM(TotalRevenue) as HourlyRevenue
    FROM table_6c16364831b68d93e7cf9d423cf8f3da
    GROUP BY Hour
    ORDER BY HourlyRevenue DESC
    LIMIT 3;
""""""
df = execute_sql_query(sql_query)
plt.bar(df['Hour'], df['HourlyRevenue'])
plt.xlabel('Hour')
plt.ylabel('Hourly Revenue')
plt.title('Top 3 Hourly Revenue Trends')
plt.savefig('exports\\charts\\temp_chart_5f974ea2-4bc9-4b0f-8edc-6c3a566944ec.png')
result = {'type': 'plot', 'value': 'exports\\charts\\temp_chart_5f974ea2-4bc9-4b0f-8edc-6c3a566944ec.png'}",FALSE,8.68,TRUE,,FALSE,FALSE,TRUE
Llama3-70B,hard,Create a stacked bar chart of show top 5 patient religion counts by state. Visualize Top 3 religious demographics in regions.,Stacked bar chart of religions by state,3,exports\charts\temp_chart_12ab4086-e970-440b-8f11-a3e4c25cfaf6.png,"SELECT State, Religions, COUNT(*) as Count
    FROM table_3586b23a0be349f88985d8c0d783b36d
    GROUP BY State, Religions
    ORDER BY State, Count DESC
    LIMIT 5;","import pandas as pd
import matplotlib.pyplot as plt
sql_query = """"""
    SELECT State, Religions, COUNT(*) as Count
    FROM table_3586b23a0be349f88985d8c0d783b36d
    GROUP BY State, Religions
    ORDER BY State, Count DESC
    LIMIT 5;
""""""
df = execute_sql_query(sql_query)
df_pivot = df.pivot(index='State', columns='Religions', values='Count')
plt.figure(figsize=(10, 6))
df_pivot.plot(kind='bar', stacked=True)
plt.title('Top 5 Patient Religion Counts by State')
plt.xlabel('State')
plt.ylabel('Count')
plt.legend(title='Religions')
plt.tight_layout()
plt.savefig('exports\\charts\\temp_chart_12ab4086-e970-440b-8f11-a3e4c25cfaf6.png')
result = {'type': 'plot', 'value': 'exports\\charts\\temp_chart_12ab4086-e970-440b-8f11-a3e4c25cfaf6.png'}",FALSE,10.2,TRUE,,TRUE,FALSE,FALSE
Llama3-70B,hard,Plot the  the top 5 high revenue doctors working in clinics I,Combined chart of top clinics and doctors,3,exports\charts\temp_chart_e04bc584-3220-41de-b5f6-9733f351217e.png,"SELECT StaffName, SUM(TotalRevenue) AS TotalRevenue
    FROM table_c83679f393c19ab82f71054c6c3facb6
    WHERE IDOrganisation IN (
        SELECT IDOrganisation
        FROM table_bd4f8d5ffa8239c09831e5b997bc2753
        WHERE Address LIKE '%Clinic I%')
    GROUP BY StaffName
    ORDER BY TotalRevenue DESC
    LIMIT 5;","import pandas as pd
import matplotlib.pyplot as plt
sql_query = """"""
    SELECT StaffName, SUM(TotalRevenue) AS TotalRevenue
    FROM table_c83679f393c19ab82f71054c6c3facb6
    WHERE IDOrganisation IN (
        SELECT IDOrganisation
        FROM table_bd4f8d5ffa8239c09831e5b997bc2753
        WHERE Address LIKE '%Clinic I%')
    GROUP BY StaffName
    ORDER BY TotalRevenue DESC
    LIMIT 5;
""""""
df = execute_sql_query(sql_query)
plt.figure(figsize=(10, 6))
plt.barh(df['StaffName'], df['TotalRevenue'])
plt.xlabel('Total Revenue')
plt.ylabel('Doctor Name')
plt.title('Top 5 High Revenue Doctors in Clinic I')
plt.savefig('exports\\charts\\temp_chart_e04bc584-3220-41de-b5f6-9733f351217e.png')
result = {'type': 'plot', 'value': 'exports\\charts\\temp_chart_e04bc584-3220-41de-b5f6-9733f351217e.png'}",TRUE,12.79,TRUE,,FALSE,TRUE,FALSE
Llama-3.1-405B,hard,Plot Top 3 clinics by total revenue,Bar chart ,3,exports\charts\temp_chart_b91aa7bb-01c0-47c3-be2e-e1ff09207344.png,"SELECT IDOrganisation, TotalRevenue
    FROM table_bd4f8d5ffa8239c09831e5b997bc2753
    ORDER BY TotalRevenue DESC
    LIMIT 3","import pandas as pd
import matplotlib.pyplot as plt
sql_query = """"""
    SELECT IDOrganisation, TotalRevenue
    FROM table_bd4f8d5ffa8239c09831e5b997bc2753
    ORDER BY TotalRevenue DESC
    LIMIT 3
""""""
df = execute_sql_query(sql_query)
plt.figure(figsize=(10, 6))
plt.bar(df['IDOrganisation'], df['TotalRevenue'])
plt.xlabel('Clinic')
plt.ylabel('Total Revenue')
plt.title('Top 3 Clinics by Total Revenue')
plt.xticks(rotation=90)
plt.tight_layout()
plt.savefig('exports\\charts\\temp_chart_b91aa7bb-01c0-47c3-be2e-e1ff09207344.png')
result = {'type': 'plot', 'value': 'exports\\charts\\temp_chart_b91aa7bb-01c0-47c3-be2e-e1ff09207344.png'}",TRUE,8.07,TRUE,,TRUE,TRUE,TRUE
Llama-3.1-405B,hard,Plot the relationship between a clinic's total revenue and the number of doctors it employs.,Scatter plot of revenue vs doctor count,3,exports\charts\temp_chart_a151bc4e-675f-4b94-84e8-40acfd5352b7.png,"SELECT 
        t1.IDOrganisation, 
        COUNT(DISTINCT t2.StaffName) as num_doctors, 
        t1.TotalRevenue
    FROM 
        table_bd4f8d5ffa8239c09831e5b997bc2753 t1
    LEFT JOIN 
        table_c83679f393c19ab82f71054c6c3facb6 t2
    ON 
        t1.IDOrganisation = t2.IDOrganisation
    GROUP BY 
        t1.IDOrganisation, 
        t1.TotalRevenue","import pandas as pd
import matplotlib.pyplot as plt
sql_query = """"""
    SELECT 
        t1.IDOrganisation, 
        COUNT(DISTINCT t2.StaffName) as num_doctors, 
        t1.TotalRevenue
    FROM 
        table_bd4f8d5ffa8239c09831e5b997bc2753 t1
    LEFT JOIN 
        table_c83679f393c19ab82f71054c6c3facb6 t2
    ON 
        t1.IDOrganisation = t2.IDOrganisation
    GROUP BY 
        t1.IDOrganisation, 
        t1.TotalRevenue
""""""
df = execute_sql_query(sql_query)
plt.figure(figsize=(10, 6))
plt.scatter(df['num_doctors'], df['TotalRevenue'])
plt.xlabel('Number of Doctors')
plt.ylabel('Total Revenue')
plt.title('Relationship between Total Revenue and Number of Doctors')
plt.savefig('exports\\charts\\temp_chart_a151bc4e-675f-4b94-84e8-40acfd5352b7.png')
result = {'type': 'plot', 'value': 'exports\\charts\\temp_chart_a151bc4e-675f-4b94-84e8-40acfd5352b7.png'}",TRUE,9.87,TRUE,,TRUE,TRUE,TRUE
Llama-3.1-405B,hard,Plot Top 3 hourly revenue trends.,Line chart of hourly revenue trends,3,exports\charts\temp_chart_75964276-b86e-45ef-9198-1c45fad85fbc.png,"SELECT Hour, SUM(TotalRevenue) as TotalRevenue
    FROM table_6c16364831b68d93e7cf9d423cf8f3da
    GROUP BY Hour
    ORDER BY TotalRevenue DESC
    LIMIT 3","import pandas as pd
import matplotlib.pyplot as plt
sql_query = """"""
    SELECT Hour, SUM(TotalRevenue) as TotalRevenue
    FROM table_6c16364831b68d93e7cf9d423cf8f3da
    GROUP BY Hour
    ORDER BY TotalRevenue DESC
    LIMIT 3
""""""
df = execute_sql_query(sql_query)
plt.figure(figsize=(10, 6))
plt.bar(df['Hour'], df['TotalRevenue'])
plt.xlabel('Hour')
plt.ylabel('Total Revenue')
plt.title('Top 3 Hourly Revenue Trends')
plt.xticks(rotation=90)
plt.tight_layout()
plt.savefig('exports\\charts\\temp_chart_75964276-b86e-45ef-9198-1c45fad85fbc.png')
result = {'type': 'plot', 'value': 'exports\\charts\\temp_chart_75964276-b86e-45ef-9198-1c45fad85fbc.png'}",TRUE,7.87,TRUE,,FALSE,TRUE,FALSE
Llama-3.1-405B,hard,Create a stacked bar chart of show top 5 patient religion counts by state. Visualize Top 3 religious demographics in regions.,Stacked bar chart of religions by state,3,exports\charts\temp_chart_0531fbd6-28c6-45d1-b77c-5e79448e146a.png,"SELECT State, Religions, COUNT(*) as count
    FROM table_3586b23a0be349f88985d8c0d783b36d
    GROUP BY State, Religions
    ORDER BY count DESC","import pandas as pd
import matplotlib.pyplot as plt
sql_query = """"""
    SELECT State, Religions, COUNT(*) as count
    FROM table_3586b23a0be349f88985d8c0d783b36d
    GROUP BY State, Religions
    ORDER BY count DESC
""""""
df = execute_sql_query(sql_query)
top_5_religions_by_state = df.groupby('State').head(5)
pivoted_df = top_5_religions_by_state.pivot_table(index='State', columns='Religions', values='count', aggfunc='sum')
plt.figure(figsize=(10, 6))
pivoted_df.plot(kind='bar', stacked=True)
plt.title('Top 5 Patient Religion Counts by State')
plt.xlabel('State')
plt.ylabel('Count')
plt.legend(title='Religions')
plt.xticks(rotation=45)
plt.tight_layout()
plt.savefig('exports\\charts\\temp_chart_0531fbd6-28c6-45d1-b77c-5e79448e146a.png')
result = {'type': 'plot', 'value': 'exports\\charts\\temp_chart_0531fbd6-28c6-45d1-b77c-5e79448e146a.png'}",FALSE,11.49,TRUE,,TRUE,FALSE,FALSE
Llama-3.1-405B,hard,Plot the  the top 5 high revenue doctors working in clinics I,Combined chart of top clinics and doctors,3,exports\charts\temp_chart_a18738ba-aca7-4681-9df7-0e2cf52cc9f0.png,"SELECT StaffName, TotalRevenue
    FROM table_c83679f393c19ab82f71054c6c3facb6
    ORDER BY TotalRevenue DESC
    LIMIT 5","import pandas as pd
import matplotlib.pyplot as plt
sql_query = """"""
    SELECT StaffName, TotalRevenue
    FROM table_c83679f393c19ab82f71054c6c3facb6
    ORDER BY TotalRevenue DESC
    LIMIT 5
""""""
df = execute_sql_query(sql_query)
plt.figure(figsize=(10, 6))
plt.bar(df['StaffName'], df['TotalRevenue'])
plt.xlabel('Doctor Name')
plt.ylabel('Total Revenue')
plt.title('Top 5 High Revenue Doctors')
plt.xticks(rotation=90)
plt.tight_layout()
plt.savefig('exports\\charts\\temp_chart_a18738ba-aca7-4681-9df7-0e2cf52cc9f0.png')
result = {'type': 'plot', 'value': 'exports\\charts\\temp_chart_a18738ba-aca7-4681-9df7-0e2cf52cc9f0.png'}",TRUE,7.21,TRUE,,FALSE,TRUE,FALSE
Mistral-Large-3-675B,hard,Plot Top 3 clinics by total revenue,Bar chart ,3,exports\charts\temp_chart_b9bf3c48-bdeb-4b5c-8bcb-a843de89bbd2.png,"SELECT
    IDOrganisation,
    TotalRevenue
FROM
    table_bd4f8d5ffa8239c09831e5b997bc2753
ORDER BY
    TotalRevenue DESC
LIMIT 3","import pandas as pd
import matplotlib.pyplot as plt
sql_query = """"""
SELECT
    IDOrganisation,
    TotalRevenue
FROM
    table_bd4f8d5ffa8239c09831e5b997bc2753
ORDER BY
    TotalRevenue DESC
LIMIT 3
""""""
top_clinics = execute_sql_query(sql_query)
plt.figure(figsize=(10, 6))
bars = plt.bar(top_clinics['IDOrganisation'], top_clinics['TotalRevenue'], color='skyblue')
for bar in bars:
    height = bar.get_height()
    plt.text(bar.get_x() + bar.get_width() / 2.0, height, f'{height:,.0f}', ha='center', va='bottom')
plt.title('Top 3 Clinics by Total Revenue', fontsize=16)
plt.xlabel('Clinic', fontsize=12)
plt.ylabel('Total Revenue (MYR)', fontsize=12)
plt.xticks(rotation=0)
plt.tight_layout()
plot_filename = 'exports\\charts\\temp_chart_b9bf3c48-bdeb-4b5c-8bcb-a843de89bbd2.png'
plt.savefig(plot_filename)
plt.close()
result = {'type': 'plot', 'value': plot_filename}",TRUE,15.71,TRUE,,TRUE,TRUE,TRUE
Mistral-Large-3-675B,hard,Plot the relationship between a clinic's total revenue and the number of doctors it employs.,Scatter plot of revenue vs doctor count,3,exports\charts\temp_chart_5c4131a2-2f6d-4c36-8dd7-31b30c04c55b.png,,"import pandas as pd
import matplotlib.pyplot as plt
import os
clinic_revenue_query = """"""
SELECT t1.IDOrganisation, t1.Address, t1.TotalRevenue, COUNT(DISTINCT t2.StaffName) as DoctorCount
FROM table_bd4f8d5ffa8239c09831e5b997bc2753 t1
LEFT JOIN table_c83679f393c19ab82f71054c6c3facb6 t2
ON t1.IDOrganisation = t2.IDOrganisation
GROUP BY t1.IDOrganisation, t1.Address, t1.TotalRevenue
ORDER BY t1.TotalRevenue DESC
""""""
clinic_revenue_df = execute_sql_query(clinic_revenue_query)
plt.figure(figsize=(10, 6))
plt.scatter(clinic_revenue_df['DoctorCount'], clinic_revenue_df['TotalRevenue'] / 1000000)
plt.title('Relationship Between Clinic Revenue and Number of Doctors')
plt.xlabel('Number of Doctors Employed')
plt.ylabel('Total Revenue (Millions)')
plt.grid(True)
for i, row in clinic_revenue_df.iterrows():
    plt.annotate(row['IDOrganisation'], (row['DoctorCount'], row['TotalRevenue'] / 1000000))
plot_path = 'exports\\charts\\temp_chart_5c4131a2-2f6d-4c36-8dd7-31b30c04c55b.png'
plt.savefig(plot_path)
plt.close()
result = {'type': 'plot', 'value': plot_path}",TRUE,124.3,TRUE,,TRUE,TRUE,TRUE
Mistral-Large-3-675B,hard,Plot Top 3 hourly revenue trends.,Line chart of hourly revenue trends,3,exports\charts\temp_chart_f7c64f0a-3174-414f-8857-31299c7a487e.png,"SELECT
    IDOrganisation,
    Hour,
    TotalRevenue
FROM
    table_6c16364831b68d93e7cf9d423cf8f3da
ORDER BY
    IDOrganisation,
    Hour","import pandas as pd
import matplotlib.pyplot as plt
import seaborn as sns
sql_query = """"""
SELECT
    IDOrganisation,
    Hour,
    TotalRevenue
FROM
    table_6c16364831b68d93e7cf9d423cf8f3da
ORDER BY
    IDOrganisation,
    Hour
""""""
df = execute_sql_query(sql_query)
pivot_df = df.pivot(index='Hour', columns='IDOrganisation', values='TotalRevenue')
top_clinics = pivot_df.sum().nlargest(3).index.tolist()
top_clinics_data = pivot_df[top_clinics]
plt.figure(figsize=(12, 6))
for clinic in top_clinics:
    plt.plot(top_clinics_data.index, top_clinics_data[clinic], marker='o', label=clinic)
plt.title('Top 3 Clinics Hourly Revenue Trends', fontsize=14)
plt.xlabel('Hour', fontsize=12)
plt.ylabel('Revenue', fontsize=12)
plt.grid(True)
plt.legend(title='Clinic')
plt.xticks(rotation=45)
plot_filename = 'exports\\charts\\temp_chart_f7c64f0a-3174-414f-8857-31299c7a487e.png'
plt.tight_layout()
plt.savefig(plot_filename)
plt.close()
result = {'type': 'plot', 'value': plot_filename}",TRUE,383.87,TRUE,,TRUE,TRUE,TRUE
Mistral-Large-3-675B,hard,Create a stacked bar chart of show top 5 patient religion counts by state. Visualize Top 3 religious demographics in regions.,Stacked bar chart of religions by state,3,exports\charts\temp_chart_75748752-93e5-4624-b45b-1a6178c6dbe8.png,,"import pandas as pd
import matplotlib.pyplot as plt
import seaborn as sns
religion_query = """"""
SELECT
    State,
    Religions,
    COUNT(*) as PatientCount
FROM
    table_3586b23a0be349f88985d8c0d783b36d
GROUP BY
    State, Religions
ORDER BY
    State, PatientCount DESC
""""""
religion_df = execute_sql_query(religion_query)
top_states_query = """"""
SELECT
    State,
    COUNT(*) as TotalPatientCount
FROM
    table_3586b23a0be349f88985d8c0d783b36d
GROUP BY
    State
ORDER BY
    TotalPatientCount DESC
LIMIT 5
""""""
top_states = execute_sql_query(top_states_query)['State'].tolist()
top_states_religion = religion_df[religion_df['State'].isin(top_states)]
top_religions = top_states_religion.groupby('State')['Religions'].apply(lambda x: x.value_counts().index[:3].tolist()).reset_index()
top_religions = top_religions.rename(columns={'Religions': 'TopReligions'})
top_religions_exploded = top_religions.explode('TopReligions')
filtered_religion_df = pd.merge(top_states_religion, top_religions_exploded, on='State')
filtered_religion_df = filtered_religion_df[filtered_religion_df['Religions'] == filtered_religion_df['TopReligions']]
pivot_df = filtered_religion_df.pivot_table(index='State', columns='Religions', values='PatientCount', fill_value=0)
plt.figure(figsize=(12, 8))
pivot_df.plot(kind='bar', stacked=True, colormap='tab20', figsize=(12, 8))
plt.title('Top 3 Religious Demographics by State (Top 5 States)')
plt.xlabel('State')
plt.ylabel('Number of Patients')
plt.legend(title='Religion', bbox_to_anchor=(1.05, 1), loc='upper left')
plt.tight_layout()
chart_filename = 'exports\\charts\\temp_chart_75748752-93e5-4624-b45b-1a6178c6dbe8.png'
plt.savefig(chart_filename)
plt.close()
result = {'type': 'plot', 'value': chart_filename}",TRUE,7.44,TRUE,,TRUE,TRUE,TRUE
Mistral-Large-3-675B,hard,Plot the  the top 5 high revenue doctors working in clinics I,Combined chart of top clinics and doctors,3,exports\charts\temp_chart_5aa0ed48-66a1-4a3e-b182-60004266d286.png,"SELECT
    StaffName,
    TotalRevenue
FROM
    table_c83679f393c19ab82f71054c6c3facb6
WHERE
    IDOrganisation = 'Clinic A'
ORDER BY
    TotalRevenue DESC
LIMIT 5","import pandas as pd
import matplotlib.pyplot as plt
sql_query = """"""
SELECT
    StaffName,
    TotalRevenue
FROM
    table_c83679f393c19ab82f71054c6c3facb6
WHERE
    IDOrganisation = 'Clinic A'
ORDER BY
    TotalRevenue DESC
LIMIT 5
""""""
top_doctors = execute_sql_query(sql_query)
plt.figure(figsize=(10, 6))
plt.bar(top_doctors['StaffName'], top_doctors['TotalRevenue'], color='skyblue')
plt.title('Top 5 High Revenue Doctors in Clinic A', fontsize=14)
plt.xlabel('Doctor Name', fontsize=12)
plt.ylabel('Total Revenue', fontsize=12)
plt.xticks(rotation=45, ha='right')
plt.tight_layout()
plot_filename = 'exports\\charts\\temp_chart_5aa0ed48-66a1-4a3e-b182-60004266d286.png'
plt.savefig(plot_filename)
plt.close()
result = {'type': 'plot', 'value': plot_filename}",TRUE,98.68,TRUE,,TRUE,TRUE,TRUE
